CREATE DATABASE  IF NOT EXISTS `zipzong` /*!40100 DEFAULT CHARACTER SET utf8mb4 COLLATE utf8mb4_0900_ai_ci */ /*!80016 DEFAULT ENCRYPTION='N' */;
USE `zipzong`;
-- MySQL dump 10.13  Distrib 8.0.29, for Win64 (x86_64)
--
-- Host: i7a805.p.ssafy.io    Database: zipzong
-- ------------------------------------------------------
-- Server version	8.0.30

/*!40101 SET @OLD_CHARACTER_SET_CLIENT=@@CHARACTER_SET_CLIENT */;
/*!40101 SET @OLD_CHARACTER_SET_RESULTS=@@CHARACTER_SET_RESULTS */;
/*!40101 SET @OLD_COLLATION_CONNECTION=@@COLLATION_CONNECTION */;
/*!50503 SET NAMES utf8 */;
/*!40103 SET @OLD_TIME_ZONE=@@TIME_ZONE */;
/*!40103 SET TIME_ZONE='+00:00' */;
/*!40014 SET @OLD_UNIQUE_CHECKS=@@UNIQUE_CHECKS, UNIQUE_CHECKS=0 */;
/*!40014 SET @OLD_FOREIGN_KEY_CHECKS=@@FOREIGN_KEY_CHECKS, FOREIGN_KEY_CHECKS=0 */;
/*!40101 SET @OLD_SQL_MODE=@@SQL_MODE, SQL_MODE='NO_AUTO_VALUE_ON_ZERO' */;
/*!40111 SET @OLD_SQL_NOTES=@@SQL_NOTES, SQL_NOTES=0 */;

--
-- Table structure for table `exercise`
--

DROP TABLE IF EXISTS `exercise`;
/*!40101 SET @saved_cs_client     = @@character_set_client */;
/*!50503 SET character_set_client = utf8mb4 */;
CREATE TABLE `exercise` (
  `exercise_id` bigint NOT NULL AUTO_INCREMENT,
  `exercise_date` date DEFAULT NULL,
  `exercise_time` int DEFAULT NULL,
  `registration_id` bigint DEFAULT NULL,
  PRIMARY KEY (`exercise_id`),
  KEY `date_idx` (`exercise_date`),
  KEY `FK425ndwhahf24mojtxh9gl815k` (`registration_id`),
  CONSTRAINT `FK425ndwhahf24mojtxh9gl815k` FOREIGN KEY (`registration_id`) REFERENCES `registration` (`registration_id`)
) ENGINE=InnoDB AUTO_INCREMENT=421 DEFAULT CHARSET=utf8mb4 COLLATE=utf8mb4_0900_ai_ci;
/*!40101 SET character_set_client = @saved_cs_client */;

--
-- Dumping data for table `exercise`
--

LOCK TABLES `exercise` WRITE;
/*!40000 ALTER TABLE `exercise` DISABLE KEYS */;
INSERT INTO `exercise` VALUES (1,'2022-06-03',2,1),(2,'2022-06-03',2,12),(3,'2022-06-03',2,14),(4,'2022-06-03',2,13),(5,'2022-06-03',2,15),(6,'2022-06-04',2,1),(7,'2022-06-04',2,12),(8,'2022-06-04',2,14),(9,'2022-06-04',2,13),(10,'2022-06-04',2,15),(11,'2022-06-05',2,1),(12,'2022-06-05',2,12),(13,'2022-06-05',2,14),(14,'2022-06-05',2,13),(15,'2022-06-05',2,15),(16,'2022-06-06',2,1),(17,'2022-06-06',2,12),(18,'2022-06-06',2,14),(19,'2022-06-06',2,13),(20,'2022-06-06',2,15),(21,'2022-06-07',2,1),(22,'2022-06-07',2,12),(23,'2022-06-07',2,14),(24,'2022-06-07',2,13),(25,'2022-06-07',2,15),(26,'2022-06-08',2,1),(27,'2022-06-08',2,12),(28,'2022-06-08',2,14),(29,'2022-06-08',2,13),(30,'2022-06-08',2,15),(31,'2022-06-09',2,1),(32,'2022-06-09',2,12),(33,'2022-06-09',2,14),(34,'2022-06-09',2,13),(35,'2022-06-09',2,15),(36,'2022-06-10',2,1),(37,'2022-06-10',2,12),(38,'2022-06-10',2,14),(39,'2022-06-10',2,13),(40,'2022-06-10',2,15),(41,'2022-06-11',2,1),(42,'2022-06-11',2,12),(43,'2022-06-11',2,14),(44,'2022-06-11',2,13),(45,'2022-06-11',2,15),(46,'2022-06-12',2,1),(47,'2022-06-12',2,12),(48,'2022-06-12',2,14),(49,'2022-06-12',2,13),(50,'2022-06-12',2,15),(51,'2022-06-13',2,1),(52,'2022-06-13',2,12),(53,'2022-06-13',2,14),(54,'2022-06-13',2,13),(55,'2022-06-13',2,15),(56,'2022-06-14',2,1),(57,'2022-06-14',2,12),(58,'2022-06-14',2,14),(59,'2022-06-14',2,13),(60,'2022-06-14',2,15),(61,'2022-06-15',2,1),(62,'2022-06-15',2,12),(63,'2022-06-15',2,14),(64,'2022-06-15',2,13),(65,'2022-06-15',2,15),(66,'2022-06-16',2,1),(67,'2022-06-16',2,12),(68,'2022-06-16',2,14),(69,'2022-06-16',2,13),(70,'2022-06-16',2,15),(71,'2022-06-17',2,1),(72,'2022-06-17',2,12),(73,'2022-06-17',2,14),(74,'2022-06-17',2,13),(75,'2022-06-17',2,15),(76,'2022-06-18',2,1),(77,'2022-06-18',2,12),(78,'2022-06-18',2,14),(79,'2022-06-18',2,13),(80,'2022-06-18',2,15),(81,'2022-06-19',2,1),(82,'2022-06-19',2,12),(83,'2022-06-19',2,14),(84,'2022-06-19',2,13),(85,'2022-06-19',2,15),(86,'2022-06-20',2,1),(87,'2022-06-20',2,12),(88,'2022-06-20',2,14),(89,'2022-06-20',2,13),(90,'2022-06-20',2,15),(91,'2022-06-21',2,1),(92,'2022-06-21',2,12),(93,'2022-06-21',2,14),(94,'2022-06-21',2,13),(95,'2022-06-21',2,15),(96,'2022-06-22',2,1),(97,'2022-06-22',2,12),(98,'2022-06-22',2,14),(99,'2022-06-22',2,13),(100,'2022-06-22',2,15),(101,'2022-06-23',2,1),(102,'2022-06-23',2,12),(103,'2022-06-23',2,14),(104,'2022-06-23',2,13),(105,'2022-06-23',2,15),(106,'2022-06-24',2,1),(107,'2022-06-24',2,12),(108,'2022-06-24',2,14),(109,'2022-06-24',2,13),(110,'2022-06-24',2,15),(111,'2022-06-25',2,1),(112,'2022-06-25',2,12),(113,'2022-06-25',2,14),(114,'2022-06-25',2,13),(115,'2022-06-25',2,15),(116,'2022-06-26',4,1),(117,'2022-06-26',4,12),(118,'2022-06-26',4,14),(119,'2022-06-26',4,13),(120,'2022-06-26',4,15),(121,'2022-06-27',2,1),(122,'2022-06-27',2,12),(123,'2022-06-27',2,14),(124,'2022-06-27',2,13),(125,'2022-06-27',2,15),(126,'2022-06-28',2,1),(127,'2022-06-28',2,12),(128,'2022-06-28',2,14),(129,'2022-06-28',2,13),(130,'2022-06-28',2,15),(131,'2022-06-29',2,1),(132,'2022-06-29',2,12),(133,'2022-06-29',2,14),(134,'2022-06-29',2,13),(135,'2022-06-29',2,15),(141,'2022-07-01',2,1),(142,'2022-07-01',2,12),(143,'2022-07-01',2,14),(144,'2022-07-01',2,13),(145,'2022-07-01',2,15),(146,'2022-07-02',4,1),(147,'2022-07-02',4,12),(148,'2022-07-02',4,14),(149,'2022-07-02',4,13),(150,'2022-07-02',4,15),(151,'2022-07-03',2,1),(152,'2022-07-03',2,12),(153,'2022-07-03',2,14),(154,'2022-07-03',2,13),(155,'2022-07-03',2,15),(156,'2022-07-04',2,1),(157,'2022-07-04',2,12),(158,'2022-07-04',2,14),(159,'2022-07-04',2,13),(160,'2022-07-04',2,15),(161,'2022-07-05',2,1),(162,'2022-07-05',2,12),(163,'2022-07-05',2,14),(164,'2022-07-05',2,13),(165,'2022-07-05',2,15),(166,'2022-07-06',2,1),(167,'2022-07-06',2,12),(168,'2022-07-06',2,14),(169,'2022-07-06',2,13),(170,'2022-07-06',2,15),(171,'2022-07-07',2,1),(172,'2022-07-07',2,12),(173,'2022-07-07',2,14),(174,'2022-07-07',2,13),(175,'2022-07-07',2,15),(176,'2022-07-08',4,1),(177,'2022-07-08',4,12),(178,'2022-07-08',4,14),(179,'2022-07-08',4,13),(180,'2022-07-08',4,15),(181,'2022-07-09',2,1),(182,'2022-07-09',2,12),(183,'2022-07-09',2,14),(184,'2022-07-09',2,13),(185,'2022-07-09',2,15),(186,'2022-07-10',2,1),(187,'2022-07-10',2,12),(188,'2022-07-10',2,14),(189,'2022-07-10',2,13),(190,'2022-07-10',2,15),(191,'2022-07-11',4,1),(192,'2022-07-11',4,12),(193,'2022-07-11',4,14),(194,'2022-07-11',4,13),(195,'2022-07-11',4,15),(196,'2022-07-12',2,1),(197,'2022-07-12',2,12),(198,'2022-07-12',2,14),(199,'2022-07-12',2,13),(200,'2022-07-12',2,15),(201,'2022-07-13',2,1),(202,'2022-07-13',2,12),(203,'2022-07-13',2,14),(204,'2022-07-13',2,13),(205,'2022-07-13',2,15),(206,'2022-07-14',2,1),(207,'2022-07-14',2,12),(208,'2022-07-14',2,14),(209,'2022-07-14',2,13),(210,'2022-07-14',2,15),(211,'2022-07-15',2,1),(212,'2022-07-15',2,12),(213,'2022-07-15',2,14),(214,'2022-07-15',2,13),(215,'2022-07-15',2,15),(216,'2022-07-16',2,1),(217,'2022-07-16',2,12),(218,'2022-07-16',2,14),(219,'2022-07-16',2,13),(220,'2022-07-16',2,15),(221,'2022-07-17',4,1),(222,'2022-07-17',4,12),(223,'2022-07-17',4,14),(224,'2022-07-17',4,13),(225,'2022-07-17',4,15),(226,'2022-07-18',2,1),(227,'2022-07-18',2,12),(228,'2022-07-18',2,14),(229,'2022-07-18',2,13),(230,'2022-07-18',2,15),(231,'2022-07-19',2,1),(232,'2022-07-19',2,12),(233,'2022-07-19',2,14),(234,'2022-07-19',2,13),(235,'2022-07-19',2,15),(236,'2022-07-20',2,1),(237,'2022-07-20',2,12),(238,'2022-07-20',2,14),(239,'2022-07-20',2,13),(240,'2022-07-20',2,15),(241,'2022-07-21',4,1),(242,'2022-07-21',4,12),(243,'2022-07-21',4,14),(244,'2022-07-21',4,13),(245,'2022-07-21',4,15),(246,'2022-07-22',2,1),(247,'2022-07-22',2,12),(248,'2022-07-22',2,14),(249,'2022-07-22',2,13),(250,'2022-07-22',2,15),(251,'2022-07-23',2,1),(252,'2022-07-23',2,12),(253,'2022-07-23',2,14),(254,'2022-07-23',2,13),(255,'2022-07-23',2,15),(256,'2022-07-25',2,1),(257,'2022-07-25',2,12),(258,'2022-07-25',2,14),(259,'2022-07-25',2,13),(260,'2022-07-25',2,15),(261,'2022-07-26',2,1),(262,'2022-07-26',2,12),(263,'2022-07-26',2,14),(264,'2022-07-26',2,13),(265,'2022-07-26',2,15),(266,'2022-07-27',2,1),(267,'2022-07-27',2,12),(268,'2022-07-27',2,14),(269,'2022-07-27',2,13),(270,'2022-07-27',2,15),(271,'2022-07-28',2,1),(272,'2022-07-28',2,12),(273,'2022-07-28',2,14),(274,'2022-07-28',2,13),(275,'2022-07-28',2,15),(276,'2022-07-29',2,1),(277,'2022-07-29',2,12),(278,'2022-07-29',2,14),(279,'2022-07-29',2,13),(280,'2022-07-29',2,15),(281,'2022-07-30',4,1),(282,'2022-07-30',4,12),(283,'2022-07-30',4,14),(284,'2022-07-30',4,13),(285,'2022-07-30',4,15),(286,'2022-07-31',2,1),(287,'2022-07-31',2,12),(288,'2022-07-31',2,14),(289,'2022-07-31',2,13),(290,'2022-07-31',2,15),(291,'2022-08-01',2,1),(292,'2022-08-01',2,12),(293,'2022-08-01',2,14),(294,'2022-08-01',2,13),(295,'2022-08-01',2,15),(296,'2022-08-02',2,1),(297,'2022-08-02',2,12),(298,'2022-08-02',2,14),(299,'2022-08-02',2,13),(300,'2022-08-02',2,15),(301,'2022-08-03',2,1),(302,'2022-08-03',2,12),(303,'2022-08-03',2,14),(304,'2022-08-03',2,13),(305,'2022-08-03',2,15),(306,'2022-08-04',2,1),(307,'2022-08-04',2,12),(308,'2022-08-04',2,14),(309,'2022-08-04',2,13),(310,'2022-08-04',2,15),(311,'2022-08-05',2,1),(312,'2022-08-05',2,12),(313,'2022-08-05',2,14),(314,'2022-08-05',2,13),(315,'2022-08-05',2,15),(316,'2022-08-06',2,1),(317,'2022-08-06',2,12),(318,'2022-08-06',2,14),(319,'2022-08-06',2,13),(320,'2022-08-06',2,15),(321,'2022-08-07',2,1),(322,'2022-08-07',2,12),(323,'2022-08-07',2,14),(324,'2022-08-07',2,13),(325,'2022-08-07',2,15),(326,'2022-08-08',2,1),(327,'2022-08-08',2,12),(328,'2022-08-08',2,14),(329,'2022-08-08',2,13),(330,'2022-08-08',2,15),(331,'2022-08-09',2,1),(332,'2022-08-09',2,12),(333,'2022-08-09',2,14),(334,'2022-08-09',2,13),(335,'2022-08-09',2,15),(336,'2022-08-10',4,1),(337,'2022-08-10',4,12),(338,'2022-08-10',4,14),(339,'2022-08-10',4,13),(340,'2022-08-10',4,15),(341,'2022-08-11',4,1),(342,'2022-08-11',4,12),(343,'2022-08-11',4,14),(344,'2022-08-11',4,13),(345,'2022-08-11',4,15),(346,'2022-08-12',4,1),(347,'2022-08-12',4,12),(348,'2022-08-12',4,14),(349,'2022-08-12',4,13),(350,'2022-08-12',4,15),(351,'2022-08-14',2,1),(352,'2022-08-14',2,12),(353,'2022-08-14',2,14),(354,'2022-08-14',2,13),(355,'2022-08-14',2,15),(356,'2022-08-15',2,1),(357,'2022-08-15',2,12),(358,'2022-08-15',2,14),(359,'2022-08-15',2,13),(360,'2022-08-15',2,15),(361,'2022-06-30',4,1),(362,'2022-06-30',4,12),(363,'2022-06-30',4,14),(364,'2022-06-30',4,13),(365,'2022-06-30',4,15),(366,'2022-07-24',2,1),(367,'2022-07-24',2,14),(368,'2022-07-24',2,13),(369,'2022-07-24',2,15),(370,'2022-08-13',2,14),(371,'2022-08-13',2,13),(372,'2022-08-13',2,15),(373,'2022-08-16',4,1),(374,'2022-08-16',4,12),(375,'2022-08-16',4,14),(376,'2022-08-16',4,13),(377,'2022-08-16',4,15),(378,'2022-08-16',4,3),(379,'2022-08-16',2,18),(380,'2022-08-16',2,26),(381,'2022-08-17',6,1),(382,'2022-08-17',6,12),(383,'2022-08-17',6,14),(384,'2022-08-17',6,13),(385,'2022-08-17',6,15),(386,'2022-08-17',18,3),(387,'2022-08-17',10,18),(388,'2022-08-17',9,24),(389,'2022-08-17',12,30),(390,'2022-08-18',4,28),(391,'2022-08-18',1,31),(392,'2022-08-18',12,30),(393,'2022-08-18',7,25),(394,'2022-08-18',3,35),(395,'2022-08-18',42,3),(396,'2022-08-18',7,51),(397,'2022-08-18',13,50),(398,'2022-08-18',55,55),(399,'2022-08-18',4,26),(400,'2022-08-18',1,58),(401,'2022-08-18',7,59),(402,'2022-08-18',1,60),(403,'2022-08-18',7,61),(404,'2022-08-18',4,63),(405,'2022-08-18',6,65),(406,'2022-08-18',6,62),(407,'2022-08-18',6,64),(408,'2022-08-18',3,73),(409,'2022-08-18',3,67),(410,'2022-08-18',3,70),(411,'2022-08-18',3,69),(412,'2022-08-19',6,73),(413,'2022-08-19',1,77),(414,'2022-08-19',4,80),(415,'2022-08-19',6,76),(416,'2022-08-19',3,82),(417,'2022-08-19',14,87),(418,'2022-08-19',14,72),(419,'2022-08-19',4,69),(420,'2022-08-19',4,67);
/*!40000 ALTER TABLE `exercise` ENABLE KEYS */;
UNLOCK TABLES;

--
-- Table structure for table `exercise_detail`
--

DROP TABLE IF EXISTS `exercise_detail`;
/*!40101 SET @saved_cs_client     = @@character_set_client */;
/*!50503 SET character_set_client = utf8mb4 */;
CREATE TABLE `exercise_detail` (
  `exercise_detail_id` bigint NOT NULL AUTO_INCREMENT,
  `exercise_name` varchar(255) DEFAULT NULL,
  `exercise_num` int DEFAULT NULL,
  `exercise_id` bigint DEFAULT NULL,
  PRIMARY KEY (`exercise_detail_id`),
  KEY `FKgfi4pwb36axabat0v5ipgrfq6` (`exercise_id`),
  CONSTRAINT `FKgfi4pwb36axabat0v5ipgrfq6` FOREIGN KEY (`exercise_id`) REFERENCES `exercise` (`exercise_id`)
) ENGINE=InnoDB AUTO_INCREMENT=1216 DEFAULT CHARSET=utf8mb4 COLLATE=utf8mb4_0900_ai_ci;
/*!40101 SET character_set_client = @saved_cs_client */;

--
-- Dumping data for table `exercise_detail`
--

LOCK TABLES `exercise_detail` WRITE;
/*!40000 ALTER TABLE `exercise_detail` DISABLE KEYS */;
INSERT INTO `exercise_detail` VALUES (1,'JUMPINGJACK',15,1),(2,'LATERALRAISE',15,1),(3,'JUMPINGJACK',15,2),(4,'LATERALRAISE',15,2),(5,'JUMPINGJACK',20,3),(6,'LATERALRAISE',15,3),(7,'JUMPINGJACK',15,4),(8,'LATERALRAISE',10,4),(9,'JUMPINGJACK',10,5),(10,'LATERALRAISE',15,5),(11,'SQUAT',15,6),(12,'PUSHUP',15,6),(13,'SQUAT',15,7),(14,'PUSHUP',15,7),(15,'SQUAT',10,8),(16,'PUSHUP',15,8),(17,'SQUAT',15,9),(18,'PUSHUP',10,9),(19,'SQUAT',10,10),(20,'PUSHUP',15,10),(21,'SQUAT',15,11),(22,'PUSHUP',15,11),(23,'SQUAT',15,12),(24,'PUSHUP',15,12),(25,'SQUAT',10,13),(26,'PUSHUP',15,13),(27,'SQUAT',15,14),(28,'PUSHUP',10,14),(29,'SQUAT',10,15),(30,'PUSHUP',15,15),(31,'BURPEE',10,16),(32,'PUSHUP',5,16),(33,'BURPEE',10,17),(34,'PUSHUP',5,17),(35,'BURPEE',10,18),(36,'PUSHUP',7,18),(37,'BURPEE',15,19),(38,'PUSHUP',5,19),(39,'BURPEE',8,20),(40,'PUSHUP',6,20),(41,'BURPEE',8,21),(42,'PUSHUP',5,21),(43,'BURPEE',10,22),(44,'PUSHUP',5,22),(45,'BURPEE',14,23),(46,'PUSHUP',8,23),(47,'BURPEE',12,24),(48,'PUSHUP',3,24),(49,'BURPEE',12,25),(50,'PUSHUP',8,25),(51,'SQUAT',15,26),(52,'PUSHUP',15,26),(53,'SQUAT',15,27),(54,'PUSHUP',15,27),(55,'SQUAT',12,28),(56,'PUSHUP',5,28),(57,'SQUAT',12,29),(58,'PUSHUP',7,29),(59,'SQUAT',13,30),(60,'PUSHUP',17,30),(61,'JUMPINGJACK',15,31),(62,'LATERALRAISE',15,31),(63,'JUMPINGJACK',15,32),(64,'LATERALRAISE',15,32),(65,'JUMPINGJACK',17,33),(66,'LATERALRAISE',14,33),(67,'JUMPINGJACK',12,34),(68,'LATERALRAISE',15,34),(69,'JUMPINGJACK',18,35),(70,'LATERALRAISE',13,35),(71,'SQUAT',15,36),(72,'LUNGE',15,36),(73,'SQUAT',15,37),(74,'LUNGE',15,37),(75,'SQUAT',10,38),(76,'LUNGE',15,38),(77,'SQUAT',15,39),(78,'LUNGE',10,39),(79,'SQUAT',10,40),(80,'LUNGE',15,40),(81,'JUMPINGJACK',15,41),(82,'LATERALRAISE',15,41),(83,'JUMPINGJACK',15,42),(84,'LATERALRAISE',15,42),(85,'JUMPINGJACK',20,43),(86,'LATERALRAISE',15,43),(87,'JUMPINGJACK',15,44),(88,'LATERALRAISE',10,44),(89,'JUMPINGJACK',10,45),(90,'LATERALRAISE',15,45),(91,'BURPEE',10,46),(92,'PUSHUP',5,46),(93,'BURPEE',10,47),(94,'PUSHUP',5,47),(95,'BURPEE',10,48),(96,'PUSHUP',7,48),(97,'BURPEE',15,49),(98,'PUSHUP',5,49),(99,'BURPEE',8,50),(100,'PUSHUP',6,50),(101,'SQUAT',15,51),(102,'LUNGE',15,51),(103,'SQUAT',15,52),(104,'LUNGE',15,52),(105,'SQUAT',10,53),(106,'LUNGE',15,53),(107,'SQUAT',15,54),(108,'LUNGE',10,54),(109,'SQUAT',10,55),(110,'LUNGE',15,55),(111,'JUMPINGJACK',15,56),(112,'LATERALRAISE',15,56),(113,'JUMPINGJACK',15,57),(114,'LATERALRAISE',15,57),(115,'JUMPINGJACK',20,58),(116,'LATERALRAISE',15,58),(117,'JUMPINGJACK',15,59),(118,'LATERALRAISE',10,59),(119,'JUMPINGJACK',10,60),(120,'LATERALRAISE',15,60),(121,'BURPEE',10,61),(122,'PUSHUP',5,61),(123,'BURPEE',10,62),(124,'PUSHUP',5,62),(125,'BURPEE',12,63),(126,'PUSHUP',5,63),(127,'BURPEE',12,64),(128,'PUSHUP',8,64),(129,'BURPEE',12,65),(130,'PUSHUP',8,65),(131,'JUMPINGJACK',15,66),(132,'LATERALRAISE',15,66),(133,'JUMPINGJACK',15,67),(134,'LATERALRAISE',15,67),(135,'JUMPINGJACK',17,68),(136,'LATERALRAISE',16,68),(137,'JUMPINGJACK',14,69),(138,'LATERALRAISE',15,69),(139,'JUMPINGJACK',16,70),(140,'LATERALRAISE',21,70),(141,'SQUAT',15,71),(142,'LUNGE',15,71),(143,'SQUAT',15,72),(144,'LUNGE',15,72),(145,'SQUAT',10,73),(146,'LUNGE',15,73),(147,'SQUAT',15,74),(148,'LUNGE',10,74),(149,'SQUAT',10,75),(150,'LUNGE',15,75),(151,'BURPEE',10,76),(152,'PUSHUP',5,76),(153,'BURPEE',10,77),(154,'PUSHUP',5,77),(155,'BURPEE',10,78),(156,'PUSHUP',7,78),(157,'BURPEE',15,79),(158,'PUSHUP',5,79),(159,'BURPEE',8,80),(160,'PUSHUP',6,80),(161,'SQUAT',15,81),(162,'LUNGE',15,81),(163,'SQUAT',15,82),(164,'LUNGE',15,82),(165,'SQUAT',10,83),(166,'LUNGE',15,83),(167,'SQUAT',15,84),(168,'LUNGE',10,84),(169,'SQUAT',10,85),(170,'LUNGE',15,85),(171,'BURPEE',10,86),(172,'PUSHUP',5,86),(173,'BURPEE',10,87),(174,'PUSHUP',5,87),(175,'BURPEE',10,88),(176,'PUSHUP',7,88),(177,'BURPEE',15,89),(178,'PUSHUP',5,89),(179,'BURPEE',8,90),(180,'PUSHUP',6,90),(181,'JUMPINGJACK',15,91),(182,'LATERALRAISE',15,91),(183,'JUMPINGJACK',15,92),(184,'LATERALRAISE',15,92),(185,'JUMPINGJACK',20,93),(186,'LATERALRAISE',15,93),(187,'JUMPINGJACK',15,94),(188,'LATERALRAISE',10,94),(189,'JUMPINGJACK',10,95),(190,'LATERALRAISE',15,95),(191,'SQUAT',15,96),(192,'LUNGE',15,96),(193,'SQUAT',15,97),(194,'LUNGE',15,97),(195,'SQUAT',10,98),(196,'LUNGE',15,98),(197,'SQUAT',15,99),(198,'LUNGE',10,99),(199,'SQUAT',10,100),(200,'LUNGE',15,100),(201,'BURPEE',10,101),(202,'PUSHUP',5,101),(203,'BURPEE',10,102),(204,'PUSHUP',5,102),(205,'BURPEE',10,103),(206,'PUSHUP',7,103),(207,'BURPEE',15,104),(208,'PUSHUP',5,104),(209,'BURPEE',8,105),(210,'PUSHUP',6,105),(211,'SQUAT',15,106),(212,'LUNGE',15,106),(213,'SQUAT',15,107),(214,'LUNGE',15,107),(215,'SQUAT',10,108),(216,'LUNGE',15,108),(217,'SQUAT',15,109),(218,'LUNGE',10,109),(219,'SQUAT',10,110),(220,'LUNGE',15,110),(221,'BURPEE',10,111),(222,'PUSHUP',5,111),(223,'BURPEE',10,112),(224,'PUSHUP',5,112),(225,'BURPEE',10,113),(226,'PUSHUP',7,113),(227,'BURPEE',15,114),(228,'PUSHUP',5,114),(229,'BURPEE',8,115),(230,'PUSHUP',6,115),(231,'JUMPINGJACK',15,116),(232,'LATERALRAISE',15,116),(233,'SQUAT',10,116),(234,'LUNGE',15,116),(235,'JUMPINGJACK',15,117),(236,'LATERALRAISE',15,117),(237,'SQUAT',10,117),(238,'LUNGE',15,117),(239,'JUMPINGJACK',20,118),(240,'LATERALRAISE',15,118),(241,'SQUAT',10,118),(242,'LUNGE',15,118),(243,'JUMPINGJACK',15,119),(244,'LATERALRAISE',10,119),(245,'SQUAT',10,119),(246,'LUNGE',15,119),(247,'JUMPINGJACK',10,120),(248,'LATERALRAISE',15,120),(249,'SQUAT',10,120),(250,'LUNGE',15,120),(251,'BURPEE',10,121),(252,'PUSHUP',5,121),(253,'BURPEE',10,122),(254,'PUSHUP',5,122),(255,'BURPEE',10,123),(256,'PUSHUP',7,123),(257,'BURPEE',15,124),(258,'PUSHUP',5,124),(259,'BURPEE',8,125),(260,'PUSHUP',6,125),(261,'SQUAT',15,126),(262,'LUNGE',15,126),(263,'SQUAT',15,127),(264,'LUNGE',15,127),(265,'SQUAT',10,128),(266,'LUNGE',15,128),(267,'SQUAT',15,129),(268,'LUNGE',10,129),(269,'SQUAT',10,130),(270,'LUNGE',15,130),(271,'SQUAT',15,131),(272,'LUNGE',15,131),(273,'SQUAT',15,132),(274,'LUNGE',15,132),(275,'SQUAT',10,133),(276,'LUNGE',15,133),(277,'SQUAT',15,134),(278,'LUNGE',10,134),(279,'SQUAT',10,135),(280,'LUNGE',15,135),(291,'BURPEE',10,141),(292,'PUSHUP',5,141),(293,'BURPEE',10,142),(294,'PUSHUP',5,142),(295,'BURPEE',10,143),(296,'PUSHUP',7,143),(297,'BURPEE',15,144),(298,'PUSHUP',5,144),(299,'BURPEE',8,145),(300,'PUSHUP',6,145),(301,'JUMPINGJACK',15,146),(302,'LATERALRAISE',15,146),(303,'SQUAT',10,146),(304,'LUNGE',15,146),(305,'JUMPINGJACK',15,147),(306,'LATERALRAISE',15,147),(307,'SQUAT',10,147),(308,'LUNGE',15,147),(309,'JUMPINGJACK',20,148),(310,'LATERALRAISE',15,148),(311,'SQUAT',10,148),(312,'LUNGE',15,148),(313,'JUMPINGJACK',15,149),(314,'LATERALRAISE',10,149),(315,'SQUAT',10,149),(316,'LUNGE',15,149),(317,'JUMPINGJACK',10,150),(318,'LATERALRAISE',15,150),(319,'SQUAT',10,150),(320,'LUNGE',15,150),(321,'BURPEE',10,151),(322,'PUSHUP',5,151),(323,'BURPEE',10,152),(324,'PUSHUP',5,152),(325,'BURPEE',10,153),(326,'PUSHUP',7,153),(327,'BURPEE',15,154),(328,'PUSHUP',5,154),(329,'BURPEE',8,155),(330,'PUSHUP',6,155),(331,'JUMPINGJACK',15,156),(332,'LATERALRAISE',15,156),(333,'JUMPINGJACK',15,157),(334,'LATERALRAISE',15,157),(335,'JUMPINGJACK',20,158),(336,'LATERALRAISE',15,158),(337,'JUMPINGJACK',15,159),(338,'LATERALRAISE',10,159),(339,'JUMPINGJACK',10,160),(340,'LATERALRAISE',15,160),(341,'BURPEE',10,161),(342,'PUSHUP',5,161),(343,'BURPEE',10,162),(344,'PUSHUP',5,162),(345,'BURPEE',10,163),(346,'PUSHUP',7,163),(347,'BURPEE',15,164),(348,'PUSHUP',5,164),(349,'BURPEE',8,165),(350,'PUSHUP',6,165),(351,'SQUAT',15,166),(352,'LUNGE',15,166),(353,'SQUAT',15,167),(354,'LUNGE',15,167),(355,'SQUAT',10,168),(356,'LUNGE',15,168),(357,'SQUAT',15,169),(358,'LUNGE',10,169),(359,'SQUAT',10,170),(360,'LUNGE',15,170),(361,'JUMPINGJACK',15,171),(362,'LATERALRAISE',15,171),(363,'JUMPINGJACK',15,172),(364,'LATERALRAISE',15,172),(365,'JUMPINGJACK',20,173),(366,'LATERALRAISE',15,173),(367,'JUMPINGJACK',15,174),(368,'LATERALRAISE',10,174),(369,'JUMPINGJACK',10,175),(370,'LATERALRAISE',15,175),(371,'JUMPINGJACK',15,176),(372,'LATERALRAISE',15,176),(373,'SQUAT',10,176),(374,'LUNGE',15,176),(375,'JUMPINGJACK',15,177),(376,'LATERALRAISE',15,177),(377,'SQUAT',10,177),(378,'LUNGE',15,177),(379,'JUMPINGJACK',15,178),(380,'LATERALRAISE',15,178),(381,'SQUAT',10,178),(382,'LUNGE',15,178),(383,'JUMPINGJACK',15,179),(384,'LATERALRAISE',18,179),(385,'SQUAT',10,179),(386,'LUNGE',15,179),(387,'JUMPINGJACK',18,180),(388,'LATERALRAISE',12,180),(389,'SQUAT',8,180),(390,'LUNGE',10,180),(391,'SQUAT',15,181),(392,'LUNGE',15,181),(393,'SQUAT',15,182),(394,'LUNGE',15,182),(395,'SQUAT',10,183),(396,'LUNGE',15,183),(397,'SQUAT',15,184),(398,'LUNGE',10,184),(399,'SQUAT',10,185),(400,'LUNGE',15,185),(401,'BURPEE',10,186),(402,'PUSHUP',5,186),(403,'BURPEE',10,187),(404,'PUSHUP',5,187),(405,'BURPEE',10,188),(406,'PUSHUP',7,188),(407,'BURPEE',15,189),(408,'PUSHUP',5,189),(409,'BURPEE',8,190),(410,'PUSHUP',6,190),(411,'JUMPINGJACK',15,191),(412,'LATERALRAISE',15,191),(413,'SQUAT',10,191),(414,'LUNGE',15,191),(415,'JUMPINGJACK',15,192),(416,'LATERALRAISE',15,192),(417,'SQUAT',10,192),(418,'LUNGE',15,192),(419,'JUMPINGJACK',20,193),(420,'LATERALRAISE',15,193),(421,'SQUAT',10,193),(422,'LUNGE',15,193),(423,'JUMPINGJACK',15,194),(424,'LATERALRAISE',10,194),(425,'SQUAT',10,194),(426,'LUNGE',15,194),(427,'JUMPINGJACK',10,195),(428,'LATERALRAISE',15,195),(429,'SQUAT',10,195),(430,'LUNGE',15,195),(431,'SQUAT',15,196),(432,'LUNGE',15,196),(433,'SQUAT',15,197),(434,'LUNGE',15,197),(435,'SQUAT',10,198),(436,'LUNGE',15,198),(437,'SQUAT',15,199),(438,'LUNGE',10,199),(439,'SQUAT',10,200),(440,'LUNGE',15,200),(441,'BURPEE',10,201),(442,'PUSHUP',5,201),(443,'BURPEE',10,202),(444,'PUSHUP',5,202),(445,'BURPEE',10,203),(446,'PUSHUP',7,203),(447,'BURPEE',15,204),(448,'PUSHUP',5,204),(449,'BURPEE',8,205),(450,'PUSHUP',6,205),(451,'JUMPINGJACK',15,206),(452,'LATERALRAISE',15,206),(453,'JUMPINGJACK',15,207),(454,'LATERALRAISE',15,207),(455,'JUMPINGJACK',20,208),(456,'LATERALRAISE',15,208),(457,'JUMPINGJACK',15,209),(458,'LATERALRAISE',10,209),(459,'JUMPINGJACK',10,210),(460,'LATERALRAISE',15,210),(461,'SQUAT',15,211),(462,'LUNGE',15,211),(463,'SQUAT',15,212),(464,'LUNGE',15,212),(465,'SQUAT',10,213),(466,'LUNGE',15,213),(467,'SQUAT',15,214),(468,'LUNGE',10,214),(469,'SQUAT',10,215),(470,'LUNGE',15,215),(471,'BURPEE',10,216),(472,'PUSHUP',5,216),(473,'BURPEE',10,217),(474,'PUSHUP',5,217),(475,'BURPEE',10,218),(476,'PUSHUP',7,218),(477,'BURPEE',15,219),(478,'PUSHUP',5,219),(479,'BURPEE',8,220),(480,'PUSHUP',6,220),(481,'JUMPINGJACK',15,221),(482,'LATERALRAISE',15,221),(483,'SQUAT',10,221),(484,'LUNGE',15,221),(485,'JUMPINGJACK',15,222),(486,'LATERALRAISE',15,222),(487,'SQUAT',10,222),(488,'LUNGE',15,222),(489,'JUMPINGJACK',20,223),(490,'LATERALRAISE',15,223),(491,'SQUAT',10,223),(492,'LUNGE',15,223),(493,'JUMPINGJACK',15,224),(494,'LATERALRAISE',10,224),(495,'SQUAT',10,224),(496,'LUNGE',15,224),(497,'JUMPINGJACK',10,225),(498,'LATERALRAISE',15,225),(499,'SQUAT',10,225),(500,'LUNGE',15,225),(501,'BURPEE',10,226),(502,'PUSHUP',5,226),(503,'BURPEE',10,227),(504,'PUSHUP',5,227),(505,'BURPEE',10,228),(506,'PUSHUP',7,228),(507,'BURPEE',15,229),(508,'PUSHUP',5,229),(509,'BURPEE',8,230),(510,'PUSHUP',6,230),(511,'SQUAT',15,231),(512,'LUNGE',15,231),(513,'SQUAT',15,232),(514,'LUNGE',15,232),(515,'SQUAT',10,233),(516,'LUNGE',15,233),(517,'SQUAT',15,234),(518,'LUNGE',10,234),(519,'SQUAT',10,235),(520,'LUNGE',15,235),(521,'SQUAT',15,236),(522,'LUNGE',15,236),(523,'SQUAT',15,237),(524,'LUNGE',15,237),(525,'SQUAT',10,238),(526,'LUNGE',15,238),(527,'SQUAT',15,239),(528,'LUNGE',10,239),(529,'SQUAT',10,240),(530,'LUNGE',15,240),(531,'JUMPINGJACK',15,241),(532,'LATERALRAISE',15,241),(533,'SQUAT',10,241),(534,'LUNGE',15,241),(535,'JUMPINGJACK',15,242),(536,'LATERALRAISE',15,242),(537,'SQUAT',10,242),(538,'LUNGE',15,242),(539,'JUMPINGJACK',20,243),(540,'LATERALRAISE',15,243),(541,'SQUAT',10,243),(542,'LUNGE',15,243),(543,'JUMPINGJACK',15,244),(544,'LATERALRAISE',10,244),(545,'SQUAT',10,244),(546,'LUNGE',15,244),(547,'JUMPINGJACK',10,245),(548,'LATERALRAISE',15,245),(549,'SQUAT',10,245),(550,'LUNGE',15,245),(551,'BURPEE',10,246),(552,'PUSHUP',5,246),(553,'BURPEE',10,247),(554,'PUSHUP',5,247),(555,'BURPEE',10,248),(556,'PUSHUP',7,248),(557,'BURPEE',15,249),(558,'PUSHUP',5,249),(559,'BURPEE',8,250),(560,'PUSHUP',6,250),(561,'SQUAT',15,251),(562,'LUNGE',15,251),(563,'SQUAT',15,252),(564,'LUNGE',15,252),(565,'SQUAT',10,253),(566,'LUNGE',15,253),(567,'SQUAT',15,254),(568,'LUNGE',10,254),(569,'SQUAT',10,255),(570,'LUNGE',15,255),(571,'JUMPINGJACK',15,256),(572,'LATERALRAISE',15,256),(573,'JUMPINGJACK',15,257),(574,'LATERALRAISE',15,257),(575,'JUMPINGJACK',16,258),(576,'LATERALRAISE',14,258),(577,'JUMPINGJACK',13,259),(578,'LATERALRAISE',19,259),(579,'JUMPINGJACK',16,260),(580,'LATERALRAISE',21,260),(581,'SQUAT',15,261),(582,'LUNGE',15,261),(583,'SQUAT',15,262),(584,'LUNGE',15,262),(585,'SQUAT',10,263),(586,'LUNGE',15,263),(587,'SQUAT',15,264),(588,'LUNGE',10,264),(589,'SQUAT',10,265),(590,'LUNGE',15,265),(591,'JUMPINGJACK',15,266),(592,'LATERALRAISE',15,266),(593,'JUMPINGJACK',15,267),(594,'LATERALRAISE',15,267),(595,'JUMPINGJACK',20,268),(596,'LATERALRAISE',15,268),(597,'JUMPINGJACK',15,269),(598,'LATERALRAISE',10,269),(599,'JUMPINGJACK',10,270),(600,'LATERALRAISE',15,270),(601,'SQUAT',15,271),(602,'LUNGE',15,271),(603,'SQUAT',15,272),(604,'LUNGE',15,272),(605,'SQUAT',10,273),(606,'LUNGE',15,273),(607,'SQUAT',15,274),(608,'LUNGE',10,274),(609,'SQUAT',10,275),(610,'LUNGE',15,275),(611,'BURPEE',10,276),(612,'PUSHUP',5,276),(613,'BURPEE',10,277),(614,'PUSHUP',5,277),(615,'BURPEE',12,278),(616,'PUSHUP',3,278),(617,'BURPEE',12,279),(618,'PUSHUP',5,279),(619,'BURPEE',12,280),(620,'PUSHUP',8,280),(621,'JUMPINGJACK',15,281),(622,'LATERALRAISE',15,281),(623,'SQUAT',10,281),(624,'LUNGE',15,281),(625,'JUMPINGJACK',15,282),(626,'LATERALRAISE',15,282),(627,'SQUAT',10,282),(628,'LUNGE',15,282),(629,'JUMPINGJACK',20,283),(630,'LATERALRAISE',15,283),(631,'SQUAT',10,283),(632,'LUNGE',15,283),(633,'JUMPINGJACK',15,284),(634,'LATERALRAISE',10,284),(635,'SQUAT',10,284),(636,'LUNGE',15,284),(637,'JUMPINGJACK',10,285),(638,'LATERALRAISE',15,285),(639,'SQUAT',10,285),(640,'LUNGE',15,285),(641,'BURPEE',10,286),(642,'PUSHUP',5,286),(643,'BURPEE',10,287),(644,'PUSHUP',5,287),(645,'BURPEE',10,288),(646,'PUSHUP',7,288),(647,'BURPEE',15,289),(648,'PUSHUP',5,289),(649,'BURPEE',8,290),(650,'PUSHUP',6,290),(651,'JUMPINGJACK',15,291),(652,'LATERALRAISE',15,291),(653,'JUMPINGJACK',15,292),(654,'LATERALRAISE',15,292),(655,'JUMPINGJACK',20,293),(656,'LATERALRAISE',15,293),(657,'JUMPINGJACK',15,294),(658,'LATERALRAISE',10,294),(659,'JUMPINGJACK',10,295),(660,'LATERALRAISE',15,295),(661,'SQUAT',15,296),(662,'LUNGE',15,296),(663,'SQUAT',15,297),(664,'LUNGE',15,297),(665,'SQUAT',10,298),(666,'LUNGE',15,298),(667,'SQUAT',15,299),(668,'LUNGE',10,299),(669,'SQUAT',10,300),(670,'LUNGE',15,300),(671,'JUMPINGJACK',15,301),(672,'LATERALRAISE',15,301),(673,'JUMPINGJACK',15,302),(674,'LATERALRAISE',15,302),(675,'JUMPINGJACK',20,303),(676,'LATERALRAISE',15,303),(677,'JUMPINGJACK',15,304),(678,'LATERALRAISE',10,304),(679,'JUMPINGJACK',10,305),(680,'LATERALRAISE',15,305),(681,'SQUAT',15,306),(682,'LUNGE',15,306),(683,'SQUAT',15,307),(684,'LUNGE',15,307),(685,'SQUAT',10,308),(686,'LUNGE',15,308),(687,'SQUAT',15,309),(688,'LUNGE',10,309),(689,'SQUAT',10,310),(690,'LUNGE',15,310),(691,'BURPEE',10,311),(692,'PUSHUP',5,311),(693,'BURPEE',10,312),(694,'PUSHUP',5,312),(695,'BURPEE',10,313),(696,'PUSHUP',7,313),(697,'BURPEE',15,314),(698,'PUSHUP',5,314),(699,'BURPEE',8,315),(700,'PUSHUP',6,315),(701,'JUMPINGJACK',15,316),(702,'LATERALRAISE',15,316),(703,'JUMPINGJACK',15,317),(704,'LATERALRAISE',15,317),(705,'JUMPINGJACK',20,318),(706,'LATERALRAISE',15,318),(707,'JUMPINGJACK',15,319),(708,'LATERALRAISE',10,319),(709,'JUMPINGJACK',10,320),(710,'LATERALRAISE',15,320),(711,'BURPEE',10,321),(712,'PUSHUP',5,321),(713,'BURPEE',10,322),(714,'PUSHUP',5,322),(715,'BURPEE',10,323),(716,'PUSHUP',7,323),(717,'BURPEE',15,324),(718,'PUSHUP',5,324),(719,'BURPEE',8,325),(720,'PUSHUP',6,325),(721,'SQUAT',15,326),(722,'LUNGE',15,326),(723,'SQUAT',15,327),(724,'LUNGE',15,327),(725,'SQUAT',10,328),(726,'LUNGE',15,328),(727,'SQUAT',15,329),(728,'LUNGE',10,329),(729,'SQUAT',10,330),(730,'LUNGE',15,330),(731,'BURPEE',10,331),(732,'PUSHUP',5,331),(733,'BURPEE',10,332),(734,'PUSHUP',5,332),(735,'BURPEE',10,333),(736,'PUSHUP',7,333),(737,'BURPEE',15,334),(738,'PUSHUP',5,334),(739,'BURPEE',8,335),(740,'PUSHUP',6,335),(741,'JUMPINGJACK',15,336),(742,'LATERALRAISE',15,336),(743,'SQUAT',10,336),(744,'LUNGE',15,336),(745,'JUMPINGJACK',15,337),(746,'LATERALRAISE',15,337),(747,'SQUAT',10,337),(748,'LUNGE',15,337),(749,'JUMPINGJACK',20,338),(750,'LATERALRAISE',15,338),(751,'SQUAT',10,338),(752,'LUNGE',15,338),(753,'JUMPINGJACK',15,339),(754,'LATERALRAISE',10,339),(755,'SQUAT',10,339),(756,'LUNGE',15,339),(757,'JUMPINGJACK',10,340),(758,'LATERALRAISE',15,340),(759,'SQUAT',10,340),(760,'LUNGE',15,340),(761,'SQUAT',12,341),(762,'LUNGE',14,341),(763,'BURPEE',10,341),(764,'PUSHUP',5,341),(765,'SQUAT',11,342),(766,'LUNGE',12,342),(767,'BURPEE',10,342),(768,'PUSHUP',5,342),(769,'SQUAT',13,343),(770,'LUNGE',12,343),(771,'BURPEE',10,343),(772,'PUSHUP',5,343),(773,'SQUAT',15,344),(774,'LUNGE',10,344),(775,'BURPEE',10,344),(776,'PUSHUP',5,344),(777,'SQUAT',10,345),(778,'LUNGE',15,345),(779,'BURPEE',10,345),(780,'PUSHUP',5,345),(781,'JUMPINGJACK',15,346),(782,'LATERALRAISE',15,346),(783,'SQUAT',10,346),(784,'LUNGE',15,346),(785,'JUMPINGJACK',15,347),(786,'LATERALRAISE',15,347),(787,'SQUAT',10,347),(788,'LUNGE',15,347),(789,'JUMPINGJACK',12,348),(790,'LATERALRAISE',13,348),(791,'SQUAT',12,348),(792,'LUNGE',14,348),(793,'JUMPINGJACK',11,349),(794,'LATERALRAISE',12,349),(795,'SQUAT',15,349),(796,'LUNGE',12,349),(797,'JUMPINGJACK',11,350),(798,'LATERALRAISE',13,350),(799,'SQUAT',13,350),(800,'LUNGE',12,350),(801,'BURPEE',10,351),(802,'PUSHUP',5,351),(803,'BURPEE',10,352),(804,'PUSHUP',5,352),(805,'BURPEE',12,353),(806,'PUSHUP',2,353),(807,'BURPEE',12,354),(808,'PUSHUP',5,354),(809,'BURPEE',12,355),(810,'PUSHUP',2,355),(811,'SQUAT',15,356),(812,'LUNGE',15,356),(813,'SQUAT',15,357),(814,'LUNGE',15,357),(815,'SQUAT',13,358),(816,'LUNGE',12,358),(817,'SQUAT',13,359),(818,'LUNGE',11,359),(819,'SQUAT',4,360),(820,'LUNGE',2,360),(821,'JUMPINGJACK',12,361),(822,'LATERALRAISE',15,361),(823,'JUMPINGJACK',13,362),(824,'LATERALRAISE',11,362),(825,'JUMPINGJACK',22,363),(826,'LATERALRAISE',14,363),(827,'JUMPINGJACK',11,364),(828,'LATERALRAISE',12,364),(829,'JUMPINGJACK',13,365),(830,'LATERALRAISE',14,365),(831,'SQUAT',15,361),(832,'LUNGE',15,361),(833,'SQUAT',15,362),(834,'LUNGE',15,362),(835,'SQUAT',10,363),(836,'LUNGE',15,363),(837,'SQUAT',15,364),(838,'LUNGE',10,364),(839,'SQUAT',10,365),(840,'LUNGE',15,365),(841,'SQUAT',15,366),(842,'LUNGE',15,366),(843,'SQUAT',10,367),(844,'LUNGE',15,367),(845,'SQUAT',15,368),(846,'LUNGE',10,368),(847,'SQUAT',10,369),(848,'LUNGE',15,369),(849,'SQUAT',10,370),(850,'LUNGE',15,370),(851,'SQUAT',15,371),(852,'LUNGE',10,371),(853,'SQUAT',10,372),(854,'LUNGE',15,372),(855,'JUMPINGJACK',15,373),(856,'LATERALRAISE',15,373),(857,'SQUAT',10,373),(858,'LUNGE',15,373),(859,'JUMPINGJACK',15,374),(860,'LATERALRAISE',15,374),(861,'SQUAT',10,374),(862,'LUNGE',15,374),(863,'JUMPINGJACK',20,375),(864,'LATERALRAISE',15,375),(865,'SQUAT',10,375),(866,'LUNGE',15,375),(867,'JUMPINGJACK',15,376),(868,'LATERALRAISE',10,376),(869,'SQUAT',10,376),(870,'LUNGE',15,376),(871,'JUMPINGJACK',10,377),(872,'LATERALRAISE',15,377),(873,'SQUAT',10,377),(874,'LUNGE',15,377),(875,'LUNGE',0,378),(876,'SQUAT',3,378),(877,'LUNGE',0,379),(878,'SQUAT',0,379),(879,'LUNGE',0,378),(880,'SQUAT',0,378),(881,'LUNGE',0,380),(882,'SQUAT',0,380),(883,'JUMPINGJACK',15,381),(884,'LATERALRAISE',15,381),(885,'SQUAT',10,381),(886,'LUNGE',15,381),(887,'JUMPINGJACK',15,382),(888,'LATERALRAISE',15,382),(889,'SQUAT',10,382),(890,'LUNGE',15,382),(891,'JUMPINGJACK',20,383),(892,'LATERALRAISE',15,383),(893,'SQUAT',10,383),(894,'LUNGE',15,383),(895,'JUMPINGJACK',15,384),(896,'LATERALRAISE',10,384),(897,'SQUAT',10,384),(898,'LUNGE',15,384),(899,'JUMPINGJACK',10,385),(900,'LATERALRAISE',15,385),(901,'SQUAT',10,385),(902,'LUNGE',15,385),(903,'BURPEE',10,381),(904,'PUSHUP',5,381),(905,'BURPEE',10,382),(906,'PUSHUP',5,382),(907,'BURPEE',10,383),(908,'PUSHUP',7,383),(909,'BURPEE',15,384),(910,'PUSHUP',5,384),(911,'BURPEE',8,385),(912,'PUSHUP',6,385),(913,'LUNGE',0,386),(914,'SQUAT',3,386),(915,'LUNGE',4,386),(916,'SQUAT',5,386),(917,'LUNGE',4,386),(918,'SQUAT',5,386),(919,'LUNGE',4,386),(920,'SQUAT',4,386),(921,'LUNGE',5,386),(922,'SQUAT',5,386),(923,'LUNGE',0,387),(924,'SQUAT',0,387),(925,'LUNGE',0,387),(926,'SQUAT',0,387),(927,'LUNGE',0,387),(928,'SQUAT',0,387),(929,'LUNGE',0,387),(930,'SQUAT',0,387),(931,'LUNGE',0,387),(932,'SQUAT',0,387),(933,'LUNGE',0,386),(934,'SQUAT',1,386),(935,'LUNGE',0,386),(936,'SQUAT',0,386),(937,'LUNGE',0,388),(938,'SQUAT',0,388),(939,'JUMPINGJACK',0,388),(940,'LUNGE',6,386),(941,'SQUAT',7,386),(942,'LUNGE',0,388),(943,'SQUAT',0,388),(944,'JUMPINGJACK',0,388),(945,'LUNGE',0,388),(946,'SQUAT',0,388),(947,'JUMPINGJACK',0,388),(948,'SQUAT',0,389),(949,'BURPEE',1,389),(950,'LUNGE',0,389),(951,'SQUAT',7,389),(952,'BURPEE',1,389),(953,'LUNGE',7,389),(954,'SQUAT',0,389),(955,'BURPEE',0,389),(956,'LUNGE',0,389),(957,'LUNGE',2,386),(958,'SQUAT',5,386),(959,'SQUAT',0,389),(960,'BURPEE',0,389),(961,'LUNGE',0,389),(962,'BURPEE',0,390),(963,'BURPEE',0,390),(964,'BURPEE',0,390),(965,'BURPEE',0,390),(966,'SQUAT',2,391),(967,'SQUAT',0,392),(968,'BURPEE',0,392),(969,'LUNGE',0,392),(970,'LATERALRAISE',0,392),(971,'LATERALRAISE',0,392),(972,'LATERALRAISE',0,392),(973,'BURPEE',0,393),(974,'BURPEE',0,393),(975,'BURPEE',0,393),(976,'BURPEE',0,393),(977,'SQUAT',0,394),(978,'SQUAT',0,394),(979,'JUMPINGJACK',0,395),(980,'SQUAT',1,395),(981,'BURPEE',0,395),(982,'BURPEE',0,395),(983,'BURPEE',1,395),(984,'SQUAT',0,393),(985,'SQUAT',0,396),(986,'SQUAT',0,395),(987,'SQUAT',0,397),(988,'LUNGE',3,398),(989,'JUMPINGJACK',1,398),(990,'SQUAT',5,398),(991,'BURPEE',1,398),(992,'PUSHUP',0,398),(993,'LATERALRAISE',0,398),(994,'SQUAT',0,397),(995,'SQUAT',0,397),(996,'SQUAT',7,397),(997,'LUNGE',0,398),(998,'JUMPINGJACK',2,398),(999,'SQUAT',0,398),(1000,'BURPEE',0,398),(1001,'PUSHUP',0,398),(1002,'LATERALRAISE',3,398),(1003,'SQUAT',0,399),(1004,'SQUAT',0,399),(1005,'SQUAT',0,397),(1006,'SQUAT',4,397),(1007,'SQUAT',8,397),(1008,'SQUAT',0,399),(1009,'SQUAT',0,394),(1010,'LUNGE',0,398),(1011,'JUMPINGJACK',3,398),(1012,'SQUAT',0,398),(1013,'BURPEE',0,398),(1014,'PUSHUP',1,398),(1015,'LATERALRAISE',0,398),(1016,'LUNGE',0,398),(1017,'JUMPINGJACK',1,398),(1018,'SQUAT',0,398),(1019,'BURPEE',1,398),(1020,'PUSHUP',3,398),(1021,'LATERALRAISE',3,398),(1022,'LUNGE',4,398),(1023,'JUMPINGJACK',0,398),(1024,'SQUAT',3,398),(1025,'BURPEE',5,398),(1026,'PUSHUP',1,398),(1027,'LATERALRAISE',1,398),(1028,'BURPEE',2,398),(1029,'SQUAT',0,395),(1030,'SQUAT',0,400),(1031,'SQUAT',2,398),(1032,'SQUAT',1,398),(1033,'LUNGE',7,398),(1034,'JUMPINGJACK',4,398),(1035,'SQUAT',0,398),(1036,'BURPEE',4,398),(1037,'PUSHUP',0,398),(1038,'LATERALRAISE',6,398),(1039,'SQUAT',0,401),(1040,'SQUAT',0,402),(1041,'SQUAT',2,398),(1042,'SQUAT',0,398),(1043,'SQUAT',0,398),(1044,'SQUAT',2,398),(1045,'SQUAT',6,398),(1046,'SQUAT',8,398),(1047,'SQUAT',0,398),(1048,'SQUAT',0,398),(1049,'SQUAT',1,398),(1050,'SQUAT',0,398),(1051,'SQUAT',0,398),(1052,'SQUAT',0,398),(1053,'SQUAT',0,393),(1054,'SQUAT',0,393),(1055,'SQUAT',0,395),(1056,'SQUAT',0,399),(1057,'SQUAT',0,398),(1058,'SQUAT',2,398),(1059,'SQUAT',0,398),(1060,'SQUAT',2,398),(1061,'LUNGE',0,396),(1062,'JUMPINGJACK',4,396),(1063,'SQUAT',0,396),(1064,'BURPEE',0,396),(1065,'PUSHUP',0,396),(1066,'LATERALRAISE',5,396),(1067,'BURPEE',1,403),(1068,'BURPEE',6,404),(1069,'BURPEE',0,392),(1070,'LUNGE',0,401),(1071,'JUMPINGJACK',1,401),(1072,'SQUAT',25,401),(1073,'LUNGE',65,405),(1074,'JUMPINGJACK',3,405),(1075,'SQUAT',61,405),(1076,'LUNGE',0,392),(1077,'JUMPINGJACK',32,392),(1078,'SQUAT',0,392),(1079,'BURPEE',32,392),(1080,'LATERALRAISE',46,392),(1081,'LUNGE',30,404),(1082,'JUMPINGJACK',14,404),(1083,'SQUAT',5,404),(1084,'LUNGE',29,401),(1085,'JUMPINGJACK',19,401),(1086,'SQUAT',23,401),(1087,'LUNGE',12,405),(1088,'JUMPINGJACK',13,405),(1089,'SQUAT',11,405),(1090,'LUNGE',4,397),(1091,'JUMPINGJACK',20,397),(1092,'SQUAT',9,397),(1093,'BURPEE',4,397),(1094,'PUSHUP',6,397),(1095,'LATERALRAISE',2,397),(1096,'LUNGE',0,406),(1097,'JUMPINGJACK',13,406),(1098,'SQUAT',19,406),(1099,'BURPEE',14,406),(1100,'PUSHUP',14,406),(1101,'LATERALRAISE',28,406),(1102,'LUNGE',0,403),(1103,'JUMPINGJACK',12,403),(1104,'SQUAT',0,403),(1105,'BURPEE',1,403),(1106,'PUSHUP',9,403),(1107,'LATERALRAISE',22,403),(1108,'LUNGE',5,407),(1109,'JUMPINGJACK',6,407),(1110,'SQUAT',14,407),(1111,'BURPEE',9,407),(1112,'PUSHUP',12,407),(1113,'LATERALRAISE',17,407),(1114,'LATERALRAISE',21,408),(1115,'JUMPINGJACK',6,408),(1116,'PUSHUP',5,408),(1117,'LATERALRAISE',12,409),(1118,'JUMPINGJACK',5,409),(1119,'PUSHUP',0,409),(1120,'LATERALRAISE',5,410),(1121,'JUMPINGJACK',6,410),(1122,'PUSHUP',1,410),(1123,'LATERALRAISE',15,411),(1124,'JUMPINGJACK',9,411),(1125,'PUSHUP',1,411),(1126,'LUNGE',0,395),(1127,'JUMPINGJACK',0,395),(1128,'SQUAT',0,395),(1129,'BURPEE',0,395),(1130,'LUNGE',0,395),(1131,'JUMPINGJACK',0,395),(1132,'SQUAT',0,395),(1133,'BURPEE',0,395),(1134,'LUNGE',0,395),(1135,'JUMPINGJACK',0,395),(1136,'SQUAT',0,395),(1137,'BURPEE',0,395),(1138,'JUMPINGJACK',0,395),(1139,'SQUAT',0,395),(1140,'BURPEE',0,395),(1141,'BURPEE',0,395),(1142,'BURPEE',0,395),(1143,'JUMPINGJACK',0,395),(1144,'SQUAT',0,395),(1145,'BURPEE',0,395),(1146,'BURPEE',0,395),(1147,'BURPEE',0,395),(1148,'JUMPINGJACK',0,395),(1149,'SQUAT',0,395),(1150,'BURPEE',0,395),(1151,'BURPEE',0,395),(1152,'BURPEE',0,395),(1153,'JUMPINGJACK',0,395),(1154,'SQUAT',0,395),(1155,'BURPEE',0,395),(1156,'BURPEE',0,395),(1157,'BURPEE',0,395),(1158,'SQUAT',0,395),(1159,'SQUAT',0,395),(1160,'LATERALRAISE',0,412),(1161,'JUMPINGJACK',0,412),(1162,'PUSHUP',0,412),(1163,'LATERALRAISE',0,412),(1164,'JUMPINGJACK',0,412),(1165,'PUSHUP',8,412),(1166,'JUMPINGJACK',3,413),(1167,'PUSHUP',0,414),(1168,'LATERALRAISE',0,414),(1169,'PUSHUP',0,414),(1170,'LATERALRAISE',0,414),(1171,'PUSHUP',0,415),(1172,'LATERALRAISE',0,415),(1173,'PUSHUP',0,415),(1174,'LATERALRAISE',0,415),(1175,'JUMPINGJACK',3,415),(1176,'LATERALRAISE',4,415),(1177,'LUNGE',0,416),(1178,'JUMPINGJACK',0,416),(1179,'SQUAT',0,416),(1180,'LUNGE',4,417),(1181,'JUMPINGJACK',3,417),(1182,'SQUAT',10,417),(1183,'BURPEE',3,417),(1184,'PUSHUP',0,417),(1185,'SQUAT',0,417),(1186,'JUMPINGJACK',0,417),(1187,'LUNGE',0,417),(1188,'BURPEE',0,417),(1189,'PUSHUP',0,417),(1190,'LUNGE',7,418),(1191,'JUMPINGJACK',2,418),(1192,'SQUAT',13,418),(1193,'BURPEE',7,418),(1194,'PUSHUP',2,418),(1195,'SQUAT',0,418),(1196,'JUMPINGJACK',0,418),(1197,'LUNGE',0,418),(1198,'BURPEE',0,418),(1199,'PUSHUP',0,418),(1200,'SQUAT',8,417),(1201,'BURPEE',6,417),(1202,'SQUAT',11,418),(1203,'BURPEE',7,418),(1204,'SQUAT',7,419),(1205,'BURPEE',5,419),(1206,'SQUAT',1,420),(1207,'BURPEE',7,420),(1208,'SQUAT',11,418),(1209,'BURPEE',9,418),(1210,'SQUAT',11,417),(1211,'BURPEE',9,417),(1212,'SQUAT',12,419),(1213,'BURPEE',7,419),(1214,'SQUAT',8,420),(1215,'BURPEE',7,420);
/*!40000 ALTER TABLE `exercise_detail` ENABLE KEYS */;
UNLOCK TABLES;

--
-- Table structure for table `hibernate_sequence`
--

DROP TABLE IF EXISTS `hibernate_sequence`;
/*!40101 SET @saved_cs_client     = @@character_set_client */;
/*!50503 SET character_set_client = utf8mb4 */;
CREATE TABLE `hibernate_sequence` (
  `next_val` bigint DEFAULT NULL
) ENGINE=InnoDB DEFAULT CHARSET=utf8mb4 COLLATE=utf8mb4_0900_ai_ci;
/*!40101 SET character_set_client = @saved_cs_client */;

--
-- Dumping data for table `hibernate_sequence`
--

LOCK TABLES `hibernate_sequence` WRITE;
/*!40000 ALTER TABLE `hibernate_sequence` DISABLE KEYS */;
INSERT INTO `hibernate_sequence` VALUES (407);
/*!40000 ALTER TABLE `hibernate_sequence` ENABLE KEYS */;
UNLOCK TABLES;

--
-- Table structure for table `member`
--

DROP TABLE IF EXISTS `member`;
/*!40101 SET @saved_cs_client     = @@character_set_client */;
/*!50503 SET character_set_client = utf8mb4 */;
CREATE TABLE `member` (
  `member_id` bigint NOT NULL AUTO_INCREMENT,
  `email` varchar(255) NOT NULL,
  `is_delete` varchar(255) DEFAULT NULL,
  `name` varchar(255) NOT NULL,
  `nickname` varchar(255) DEFAULT NULL,
  `provider` varchar(255) NOT NULL,
  `refresh_token` varchar(255) DEFAULT NULL,
  `rep_icon` varchar(255) NOT NULL,
  `member_history_id` bigint DEFAULT NULL,
  PRIMARY KEY (`member_id`),
  UNIQUE KEY `UK_hh9kg6jti4n1eoiertn2k6qsc` (`nickname`),
  UNIQUE KEY `UK_56ymicgdb3uysana9eq1qmyjf` (`refresh_token`),
  KEY `FKrtq8byk6ugiam3p6iwhk402bf` (`member_history_id`),
  CONSTRAINT `FKrtq8byk6ugiam3p6iwhk402bf` FOREIGN KEY (`member_history_id`) REFERENCES `member_history` (`member_history_id`)
) ENGINE=InnoDB AUTO_INCREMENT=36 DEFAULT CHARSET=utf8mb4 COLLATE=utf8mb4_0900_ai_ci;
/*!40101 SET character_set_client = @saved_cs_client */;

--
-- Dumping data for table `member`
--

LOCK TABLES `member` WRITE;
/*!40000 ALTER TABLE `member` DISABLE KEYS */;
INSERT INTO `member` VALUES (1,'platinadark@gmail.com',NULL,'츄츄','승주','google','eyJhbGciOiJIUzI1NiJ9.eyJzdWIiOiJ0b2tlbiIsImVtYWlsIjoicGxhdGluYWRhcmtAZ21haWwuY29tIiwicHJvdmlkZXIiOiJnb29nbGUiLCJuYW1lIjoi7LiE7LiEIiwiaWF0IjoxNjYwODcyMDA0LCJleHAiOjE2NjM0NjQwMDR9.b0yn1pDbryqwUzzgdG-0LJKnrCIFJB6KH-Ru_MSEb_g','whale',1),(2,'thintheul9834@gmail.com',NULL,'[서울_13반_신슬기]','슬기','google','eyJhbGciOiJIUzI1NiJ9.eyJzdWIiOiJ0b2tlbiIsImVtYWlsIjoidGhpbnRoZXVsOTgzNEBnbWFpbC5jb20iLCJwcm92aWRlciI6Imdvb2dsZSIsIm5hbWUiOiJb7ISc7Jq4XzEz67CYX-yLoOyKrOq4sF0iLCJpYXQiOjE2NjA4Njk4NTAsImV4cCI6MTY2MzQ2MTg1MH0.8TMi-6mmpXnZRoD8dJpJVXLz5OiTSUsTqcPiG40JUow','shrimp',2),(3,'a805.zipzong@gmail.com',NULL,'zong zip','컨설턴트','google','eyJhbGciOiJIUzI1NiJ9.eyJzdWIiOiJ0b2tlbiIsImVtYWlsIjoiYTgwNS56aXB6b25nQGdtYWlsLmNvbSIsInByb3ZpZGVyIjoiZ29vZ2xlIiwibmFtZSI6InpvbmcgemlwIiwiaWF0IjoxNjYwODA0NjU1LCJleHAiOjE2NjMzOTY2NTV9.XKyRq2G1QPxGBg10INrvXHQQlLJsjugjKk-PTulyFWQ','octopus',3),(4,'a805coach@gmail.com',NULL,'A805실습코치','영진코치','google','eyJhbGciOiJIUzI1NiJ9.eyJzdWIiOiJ0b2tlbiIsImVtYWlsIjoiYTgwNWNvYWNoQGdtYWlsLmNvbSIsInByb3ZpZGVyIjoiZ29vZ2xlIiwibmFtZSI6IkE4MDXsi6TsirXsvZTsuZgiLCJpYXQiOjE2NjA2MTYyNDMsImV4cCI6MTY2MzIwODI0M30.6rZrfXdsRaEuaR0rZICskQvgHbKFUaLonzkNEwM_03U','squirrel',4),(5,'a805coach2@gmail.com',NULL,'실습코치2 a805','하영코치','google','eyJhbGciOiJIUzI1NiJ9.eyJzdWIiOiJ0b2tlbiIsImVtYWlsIjoiYTgwNWNvYWNoMkBnbWFpbC5jb20iLCJwcm92aWRlciI6Imdvb2dsZSIsIm5hbWUiOiLsi6TsirXsvZTsuZgyIGE4MDUiLCJpYXQiOjE2NjA3NTU0NjYsImV4cCI6MTY2MzM0NzQ2Nn0.5KaVHvWKxQ-CPebKCIwhAzoa7kWE-85y_RtoCIst5po','ferret',5),(6,'las1260@naver.com',NULL,'승주','승츄','kakao','eyJhbGciOiJIUzI1NiJ9.eyJzdWIiOiJ0b2tlbiIsImVtYWlsIjoibGFzMTI2MEBuYXZlci5jb20iLCJwcm92aWRlciI6Imtha2FvIiwibmFtZSI6IuyKueyjvCIsImlhdCI6MTY2MDg2OTc5OSwiZXhwIjoxNjYzNDYxNzk5fQ.11aumK7JGXN_HGjLEDwGcUn8HEBsz1PZR1NPcoAw8b0','octopus',6),(7,'thintheul34@naver.com',NULL,'신슬기','슬키','kakao','eyJhbGciOiJIUzI1NiJ9.eyJzdWIiOiJ0b2tlbiIsImVtYWlsIjoidGhpbnRoZXVsMzRAbmF2ZXIuY29tIiwicHJvdmlkZXIiOiJrYWthbyIsIm5hbWUiOiLsi6DsiqzquLAiLCJpYXQiOjE2NjA2MTU4MzgsImV4cCI6MTY2MzIwNzgzOH0.Ae3XEawpNMiOUdIl2ZcnAe7UHl54NNU9amQwBWNLlXM','basic',7),(8,'csj960909@gmail.com',NULL,'짜잔','송지','google','eyJhbGciOiJIUzI1NiJ9.eyJzdWIiOiJ0b2tlbiIsImVtYWlsIjoiY3NqOTYwOTA5QGdtYWlsLmNvbSIsInByb3ZpZGVyIjoiZ29vZ2xlIiwibmFtZSI6IuynnOyelCIsImlhdCI6MTY2MDg3MjI5NiwiZXhwIjoxNjYzNDY0Mjk2fQ.iI1-SUavf3fpx2gykmQYCLW1IbcpKC0SpdUJtxrJjTQ','rabbit',8),(9,'ajy6978@gmail.com',NULL,'Milan','지영지영','google','eyJhbGciOiJIUzI1NiJ9.eyJzdWIiOiJ0b2tlbiIsImVtYWlsIjoiYWp5Njk3OEBnbWFpbC5jb20iLCJwcm92aWRlciI6Imdvb2dsZSIsIm5hbWUiOiJNaWxhbiIsImlhdCI6MTY2MDg3NDI0NSwiZXhwIjoxNjYzNDY2MjQ1fQ.ihFU7Z3ftR54YkXVPPcQBmntR6RUbhx2ibc87JkpMyQ','bee',9),(10,'qooktree@gmail.com',NULL,'[서울_공통8반_박종민]','종민','google','eyJhbGciOiJIUzI1NiJ9.eyJzdWIiOiJ0b2tlbiIsImVtYWlsIjoicW9va3RyZWVAZ21haWwuY29tIiwicHJvdmlkZXIiOiJnb29nbGUiLCJuYW1lIjoiW-yEnOyauF_qs7XthrU467CYX-uwleyiheuvvF0iLCJpYXQiOjE2NjA4NzAzNTMsImV4cCI6MTY2MzQ2MjM1M30.Ax4Q_8wDzfBTILhfbMJhTQH_wfb2FQb1eu54LnYyL2M','turtle',12),(11,'js727r@gmail.com',NULL,'Jun','놀러왔어요','google','eyJhbGciOiJIUzI1NiJ9.eyJzdWIiOiJ0b2tlbiIsImVtYWlsIjoianM3MjdyQGdtYWlsLmNvbSIsInByb3ZpZGVyIjoiZ29vZ2xlIiwibmFtZSI6Ikp1biIsImlhdCI6MTY2MDY1ODM1MCwiZXhwIjoxNjYzMjUwMzUwfQ.E6WDIXzojw7G5dqIKYKXc3VFbl7xbKYdsK21K0GPwkw','rabbit',13),(12,'bloodynose29@gmail.com',NULL,'피나코','피나코','google','eyJhbGciOiJIUzI1NiJ9.eyJzdWIiOiJ0b2tlbiIsImVtYWlsIjoiYmxvb2R5bm9zZTI5QGdtYWlsLmNvbSIsInByb3ZpZGVyIjoiZ29vZ2xlIiwibmFtZSI6Iu2UvOuCmOy9lCIsImlhdCI6MTY2MDcwOTk3MCwiZXhwIjoxNjYzMzAxOTcwfQ.eLWWWXI17QT0gb-hcQRB71d8_zkedmGUG2b2k9P916g','elephant',14),(13,'anji6978@naver.com',NULL,'안지영','222지영222','naver','eyJhbGciOiJIUzI1NiJ9.eyJzdWIiOiJ0b2tlbiIsImVtYWlsIjoiYW5qaTY5NzhAbmF2ZXIuY29tIiwicHJvdmlkZXIiOiJuYXZlciIsIm5hbWUiOiLslYjsp4DsmIEiLCJpYXQiOjE2NjA4MjIwNjYsImV4cCI6MTY2MzQxNDA2Nn0.RGtYdFYPasooSVb6jtb2F8KcC2GZ-nlxL4VtZrc_sCI','shrimp',11),(14,'beckhem960810@gmail.com',NULL,'임완택','9팀장','google','eyJhbGciOiJIUzI1NiJ9.eyJzdWIiOiJ0b2tlbiIsImVtYWlsIjoiYmVja2hlbTk2MDgxMEBnbWFpbC5jb20iLCJwcm92aWRlciI6Imdvb2dsZSIsIm5hbWUiOiLsnoTsmYTtg50iLCJpYXQiOjE2NjA3MjIwNDUsImV4cCI6MTY2MzMxNDA0NX0.UXjsSwpsz-TFqhPtHp3ye1_vfCsaKGefSyQY3cWiCgc','basic',15),(15,'deleted','Y','deleted',NULL,'google',NULL,'basic',NULL),(16,'deleted','Y','deleted',NULL,'google',NULL,'basic',NULL),(17,'jibe.bonejo@gmail.com',NULL,'과제','집에서 운동중','google','eyJhbGciOiJIUzI1NiJ9.eyJzdWIiOiJ0b2tlbiIsImVtYWlsIjoiamliZS5ib25lam9AZ21haWwuY29tIiwicHJvdmlkZXIiOiJnb29nbGUiLCJuYW1lIjoi6rO87KCcIiwiaWF0IjoxNjYwNzgxNTA3LCJleHAiOjE2NjMzNzM1MDd9.pA6TYDpC_bhTNFSGbW9FHe4H66NG-WklicvOvfSux58','basic',16),(18,'janfar@naver.com',NULL,'텅텅TungTung','zz','google','eyJhbGciOiJIUzI1NiJ9.eyJzdWIiOiJ0b2tlbiIsImVtYWlsIjoiamFuZmFyQG5hdmVyLmNvbSIsInByb3ZpZGVyIjoiZ29vZ2xlIiwibmFtZSI6Iu2Fhe2FhVR1bmdUdW5nIiwiaWF0IjoxNjYwNzI1NzIwLCJleHAiOjE2NjMzMTc3MjB9.ehYlEcCVePT2S2CtkHunFlQHuZmDMeKso2U9pjgf0bs','basic',17),(19,'ssafysongji@gmail.com',NULL,'채송지',NULL,'google','eyJhbGciOiJIUzI1NiJ9.eyJzdWIiOiJ0b2tlbiIsImVtYWlsIjoic3NhZnlzb25namlAZ21haWwuY29tIiwicHJvdmlkZXIiOiJnb29nbGUiLCJuYW1lIjoi7LGE7Iah7KeAIiwiaWF0IjoxNjYwNzQwODA4LCJleHAiOjE2NjMzMzI4MDh9.3OSPw-uNkC93u8pUMlwDCSdZ4cIwsxOwf9EcKUUEt-4','basic',18),(20,'qooktree@naver.com',NULL,'박종민','aasd','naver','eyJhbGciOiJIUzI1NiJ9.eyJzdWIiOiJ0b2tlbiIsImVtYWlsIjoicW9va3RyZWVAbmF2ZXIuY29tIiwicHJvdmlkZXIiOiJuYXZlciIsIm5hbWUiOiLrsJXsooXrr7wiLCJpYXQiOjE2NjA4NjkyOTcsImV4cCI6MTY2MzQ2MTI5N30.kXj-RcTeJfcqqM9vWuw5BeKXb3Qq9gm8PDpwDRCcdDA','basic',19),(21,'deleted','Y','deleted',NULL,'kakao',NULL,'basic',20),(22,'jmib12233@gmail.com',NULL,'3B','miri','google','eyJhbGciOiJIUzI1NiJ9.eyJzdWIiOiJ0b2tlbiIsImVtYWlsIjoiam1pYjEyMjMzQGdtYWlsLmNvbSIsInByb3ZpZGVyIjoiZ29vZ2xlIiwibmFtZSI6IjNCIiwiaWF0IjoxNjYwNzUzNTI1LCJleHAiOjE2NjMzNDU1MjV9.6d1s-lwIPR6JPUqJX6a0F-q1ejLXwb7GXt89elFGGkU','shrimp',21),(23,'sweetchild22.ik@gmail.com',NULL,'코드박사','ㅋㅋㅋ','google','eyJhbGciOiJIUzI1NiJ9.eyJzdWIiOiJ0b2tlbiIsImVtYWlsIjoic3dlZXRjaGlsZDIyLmlrQGdtYWlsLmNvbSIsInByb3ZpZGVyIjoiZ29vZ2xlIiwibmFtZSI6Iuy9lOuTnOuwleyCrCIsImlhdCI6MTY2MDgwNDU3NywiZXhwIjoxNjYzMzk2NTc3fQ.r1nAj0E404HQO7Ak8RA9pzoyO5xfy1TyW73RnfbW0uo','pandaBear',22),(24,'deleted','Y','deleted',NULL,'kakao',NULL,'basic',23),(25,'audtjr9514@gmail.com',NULL,'서쿠서쿠',NULL,'google','eyJhbGciOiJIUzI1NiJ9.eyJzdWIiOiJ0b2tlbiIsImVtYWlsIjoiYXVkdGpyOTUxNEBnbWFpbC5jb20iLCJwcm92aWRlciI6Imdvb2dsZSIsIm5hbWUiOiLshJzsv6DshJzsv6AiLCJpYXQiOjE2NjA4MzY5NzcsImV4cCI6MTY2MzQyODk3N30.KO2nEl_R101MAFY-_gK4t5kPyjvhDm5-6l8tWuTPjf0','basic',NULL),(26,'jongminpark7@naver.com',NULL,'박종민','sdf','kakao','eyJhbGciOiJIUzI1NiJ9.eyJzdWIiOiJ0b2tlbiIsImVtYWlsIjoiam9uZ21pbnBhcms3QG5hdmVyLmNvbSIsInByb3ZpZGVyIjoia2FrYW8iLCJuYW1lIjoi67CV7KKF66-8IiwiaWF0IjoxNjYwODcwMDM0LCJleHAiOjE2NjM0NjIwMzR9.v9LaRFwpDSpJfgCa-JT-ye0bVSyvrwjGZSvLczPnx7M','basic',NULL),(27,'las1260@naver.com',NULL,'황승주','신규유저','naver','eyJhbGciOiJIUzI1NiJ9.eyJzdWIiOiJ0b2tlbiIsImVtYWlsIjoibGFzMTI2MEBuYXZlci5jb20iLCJwcm92aWRlciI6Im5hdmVyIiwibmFtZSI6Iu2ZqeyKueyjvCIsImlhdCI6MTY2MDg1ODE2MCwiZXhwIjoxNjYzNDUwMTYwfQ.IoGrq2CGyEU6kKR2tKVDkvu9Ou_PIlV2SynOSowqR1c','basic',24),(28,'youthful_15@naver.com',NULL,'채송지','신규유저2','naver','eyJhbGciOiJIUzI1NiJ9.eyJzdWIiOiJ0b2tlbiIsImVtYWlsIjoieW91dGhmdWxfMTVAbmF2ZXIuY29tIiwicHJvdmlkZXIiOiJuYXZlciIsIm5hbWUiOiLssYTshqHsp4AiLCJpYXQiOjE2NjA4NzAwNzIsImV4cCI6MTY2MzQ2MjA3Mn0.LvAHf5Xv4jIhsllnRsZS9MmZBHfWF1Xn15ConnfKxaA','basic',NULL),(29,'uniq_0909@naver.com',NULL,'ㅊㅅㅈ',NULL,'kakao','eyJhbGciOiJIUzI1NiJ9.eyJzdWIiOiJ0b2tlbiIsImVtYWlsIjoidW5pcV8wOTA5QG5hdmVyLmNvbSIsInByb3ZpZGVyIjoia2FrYW8iLCJuYW1lIjoi44WK44WF44WIIiwiaWF0IjoxNjYwODY5NzgzLCJleHAiOjE2NjM0NjE3ODN9.eh3sqmxHmES8aj9atNy_MxE_EF0KdnsZqPeMAaSJ5aM','basic',NULL),(30,'chem2330@gmail.com',NULL,'최희선',NULL,'google','eyJhbGciOiJIUzI1NiJ9.eyJzdWIiOiJ0b2tlbiIsImVtYWlsIjoiY2hlbTIzMzBAZ21haWwuY29tIiwicHJvdmlkZXIiOiJnb29nbGUiLCJuYW1lIjoi7LWc7Z2s7ISgIiwiaWF0IjoxNjYwODY5NTc1LCJleHAiOjE2NjM0NjE1NzV9.04oiM89eVGTdPyLZzw2laS5r4Od27EumM5gVucG7LVk','basic',NULL),(31,'deleted','Y','deleted',NULL,'google',NULL,'basic',NULL),(32,'platina21@yonsei.ac.kr',NULL,'황승주(과학기술대학 컴퓨터공학)',NULL,'google',NULL,'basic',NULL),(33,'pyolong99@gmail.com',NULL,'뾰롱','호이쨔','google','eyJhbGciOiJIUzI1NiJ9.eyJzdWIiOiJ0b2tlbiIsImVtYWlsIjoicHlvbG9uZzk5QGdtYWlsLmNvbSIsInByb3ZpZGVyIjoiZ29vZ2xlIiwibmFtZSI6Iuu-sOuhsSIsImlhdCI6MTY2MDg3MDQzOCwiZXhwIjoxNjYzNDYyNDM4fQ.lHRCgE-59M8q17aRkkqZ3j5-mH0pzUixACqqV5qB5JU','basic',NULL),(34,'zzangsin2002@hanmail.net',NULL,'김신철','박종민님','kakao','eyJhbGciOiJIUzI1NiJ9.eyJzdWIiOiJ0b2tlbiIsImVtYWlsIjoienphbmdzaW4yMDAyQGhhbm1haWwubmV0IiwicHJvdmlkZXIiOiJrYWthbyIsIm5hbWUiOiLquYDsi6DssqAiLCJpYXQiOjE2NjA4NzA3MTYsImV4cCI6MTY2MzQ2MjcxNn0.b9ce0UNtd9BG1xEjlX7iS3L4BysIMGNv9A40NJVSbm4','squirrel',NULL),(35,'yy7897@nate.com',NULL,'안지영','지영카톡','kakao','eyJhbGciOiJIUzI1NiJ9.eyJzdWIiOiJ0b2tlbiIsImVtYWlsIjoieXk3ODk3QG5hdGUuY29tIiwicHJvdmlkZXIiOiJrYWthbyIsIm5hbWUiOiLslYjsp4DsmIEiLCJpYXQiOjE2NjA4NzA5NzQsImV4cCI6MTY2MzQ2Mjk3NH0.SQD5W-cZ_OPy3p41sPnAiMcBjuxcHstzukJQo9Ztgac','basic',NULL);
/*!40000 ALTER TABLE `member` ENABLE KEYS */;
UNLOCK TABLES;

--
-- Table structure for table `member_calendar`
--

DROP TABLE IF EXISTS `member_calendar`;
/*!40101 SET @saved_cs_client     = @@character_set_client */;
/*!50503 SET character_set_client = utf8mb4 */;
CREATE TABLE `member_calendar` (
  `member_calendar_id` bigint NOT NULL,
  `check_date` date DEFAULT NULL,
  `member_id` bigint DEFAULT NULL,
  PRIMARY KEY (`member_calendar_id`),
  KEY `FKp827ohou3wf5yim7acyi6p9uq` (`member_id`),
  CONSTRAINT `FKp827ohou3wf5yim7acyi6p9uq` FOREIGN KEY (`member_id`) REFERENCES `member` (`member_id`)
) ENGINE=InnoDB DEFAULT CHARSET=utf8mb4 COLLATE=utf8mb4_0900_ai_ci;
/*!40101 SET character_set_client = @saved_cs_client */;

--
-- Dumping data for table `member_calendar`
--

LOCK TABLES `member_calendar` WRITE;
/*!40000 ALTER TABLE `member_calendar` DISABLE KEYS */;
INSERT INTO `member_calendar` VALUES (1,'2022-06-03',1),(2,'2022-06-03',2),(3,'2022-06-03',3),(4,'2022-06-03',4),(5,'2022-06-03',5),(6,'2022-06-04',1),(7,'2022-06-04',2),(8,'2022-06-04',3),(9,'2022-06-04',4),(10,'2022-06-04',5),(11,'2022-06-05',1),(12,'2022-06-05',2),(13,'2022-06-05',3),(14,'2022-06-05',4),(15,'2022-06-05',5),(16,'2022-06-06',1),(17,'2022-06-06',2),(18,'2022-06-06',3),(19,'2022-06-06',4),(20,'2022-06-06',5),(21,'2022-06-07',1),(22,'2022-06-07',2),(23,'2022-06-07',3),(24,'2022-06-07',4),(25,'2022-06-07',5),(26,'2022-06-08',1),(27,'2022-06-08',2),(28,'2022-06-08',3),(29,'2022-06-08',4),(30,'2022-06-08',5),(31,'2022-06-09',1),(32,'2022-06-09',2),(33,'2022-06-09',3),(34,'2022-06-09',4),(35,'2022-06-09',5),(36,'2022-06-10',1),(37,'2022-06-10',2),(38,'2022-06-10',3),(39,'2022-06-10',4),(40,'2022-06-10',5),(41,'2022-06-11',1),(42,'2022-06-11',2),(43,'2022-06-11',3),(44,'2022-06-11',4),(45,'2022-06-11',5),(46,'2022-06-12',1),(47,'2022-06-12',2),(48,'2022-06-12',3),(49,'2022-06-12',4),(50,'2022-06-12',5),(51,'2022-06-13',1),(52,'2022-06-13',2),(53,'2022-06-13',3),(54,'2022-06-13',4),(55,'2022-06-13',5),(56,'2022-06-14',1),(57,'2022-06-14',2),(58,'2022-06-14',3),(59,'2022-06-14',4),(60,'2022-06-14',5),(61,'2022-06-15',1),(62,'2022-06-15',2),(63,'2022-06-15',3),(64,'2022-06-15',4),(65,'2022-06-15',5),(66,'2022-06-16',1),(67,'2022-06-16',2),(68,'2022-06-16',3),(69,'2022-06-16',4),(70,'2022-06-16',5),(71,'2022-06-17',1),(72,'2022-06-17',2),(73,'2022-06-17',3),(74,'2022-06-17',4),(75,'2022-06-17',5),(76,'2022-06-18',1),(77,'2022-06-18',2),(78,'2022-06-18',3),(79,'2022-06-18',4),(80,'2022-06-18',5),(81,'2022-06-19',1),(82,'2022-06-19',2),(83,'2022-06-19',3),(84,'2022-06-19',4),(85,'2022-06-19',5),(86,'2022-06-20',1),(87,'2022-06-20',2),(88,'2022-06-20',3),(89,'2022-06-20',4),(90,'2022-06-20',5),(91,'2022-06-21',1),(92,'2022-06-21',2),(93,'2022-06-21',3),(94,'2022-06-21',4),(95,'2022-06-21',5),(96,'2022-06-22',1),(97,'2022-06-22',2),(98,'2022-06-22',3),(99,'2022-06-22',4),(100,'2022-06-22',5),(101,'2022-06-23',1),(102,'2022-06-23',2),(103,'2022-06-23',3),(104,'2022-06-23',4),(105,'2022-06-23',5),(106,'2022-06-24',1),(107,'2022-06-24',2),(108,'2022-06-24',3),(109,'2022-06-24',4),(110,'2022-06-24',5),(111,'2022-06-25',1),(112,'2022-06-25',2),(113,'2022-06-25',3),(114,'2022-06-25',4),(115,'2022-06-25',5),(116,'2022-06-26',1),(117,'2022-06-26',2),(118,'2022-06-26',3),(119,'2022-06-26',4),(120,'2022-06-26',5),(121,'2022-06-27',1),(122,'2022-06-27',2),(123,'2022-06-27',3),(124,'2022-06-27',4),(125,'2022-06-27',5),(126,'2022-06-28',1),(127,'2022-06-28',2),(128,'2022-06-28',3),(129,'2022-06-28',4),(130,'2022-06-28',5),(131,'2022-06-29',1),(132,'2022-06-29',2),(133,'2022-06-29',3),(134,'2022-06-29',4),(135,'2022-06-29',5),(141,'2022-07-01',1),(142,'2022-07-01',2),(143,'2022-07-01',3),(144,'2022-07-01',4),(145,'2022-07-01',5),(146,'2022-07-02',1),(147,'2022-07-02',2),(148,'2022-07-02',3),(149,'2022-07-02',4),(150,'2022-07-02',5),(151,'2022-07-03',1),(152,'2022-07-03',2),(153,'2022-07-03',3),(154,'2022-07-03',4),(155,'2022-07-03',5),(156,'2022-07-04',1),(157,'2022-07-04',2),(158,'2022-07-04',3),(159,'2022-07-04',4),(160,'2022-07-04',5),(161,'2022-07-05',1),(162,'2022-07-05',2),(163,'2022-07-05',3),(164,'2022-07-05',4),(165,'2022-07-05',5),(166,'2022-07-06',1),(167,'2022-07-06',2),(168,'2022-07-06',3),(169,'2022-07-06',4),(170,'2022-07-06',5),(171,'2022-07-07',1),(172,'2022-07-07',2),(173,'2022-07-07',3),(174,'2022-07-07',4),(175,'2022-07-07',5),(176,'2022-07-08',1),(177,'2022-07-08',2),(178,'2022-07-08',3),(179,'2022-07-08',4),(180,'2022-07-08',5),(181,'2022-07-09',1),(182,'2022-07-09',2),(183,'2022-07-09',3),(184,'2022-07-09',4),(185,'2022-07-09',5),(186,'2022-07-10',1),(187,'2022-07-10',2),(188,'2022-07-10',3),(189,'2022-07-10',4),(190,'2022-07-10',5),(191,'2022-07-11',1),(192,'2022-07-11',2),(193,'2022-07-11',3),(194,'2022-07-11',4),(195,'2022-07-11',5),(196,'2022-07-12',1),(197,'2022-07-12',2),(198,'2022-07-12',3),(199,'2022-07-12',4),(200,'2022-07-12',5),(201,'2022-07-13',1),(202,'2022-07-13',2),(203,'2022-07-13',3),(204,'2022-07-13',4),(205,'2022-07-13',5),(206,'2022-07-14',1),(207,'2022-07-14',2),(208,'2022-07-14',3),(209,'2022-07-14',4),(210,'2022-07-14',5),(211,'2022-07-15',1),(212,'2022-07-15',2),(213,'2022-07-15',3),(214,'2022-07-15',4),(215,'2022-07-15',5),(216,'2022-07-16',1),(217,'2022-07-16',2),(218,'2022-07-16',3),(219,'2022-07-16',4),(220,'2022-07-16',5),(221,'2022-07-17',1),(222,'2022-07-17',2),(223,'2022-07-17',3),(224,'2022-07-17',4),(225,'2022-07-17',5),(226,'2022-07-18',1),(227,'2022-07-18',2),(228,'2022-07-18',3),(229,'2022-07-18',4),(230,'2022-07-18',5),(231,'2022-07-19',1),(232,'2022-07-19',2),(233,'2022-07-19',3),(234,'2022-07-19',4),(235,'2022-07-19',5),(236,'2022-07-20',1),(237,'2022-07-20',2),(238,'2022-07-20',3),(239,'2022-07-20',4),(240,'2022-07-20',5),(241,'2022-07-21',1),(242,'2022-07-21',2),(243,'2022-07-21',3),(244,'2022-07-21',4),(245,'2022-07-21',5),(246,'2022-07-22',1),(247,'2022-07-22',2),(248,'2022-07-22',3),(249,'2022-07-22',4),(250,'2022-07-22',5),(251,'2022-07-23',1),(252,'2022-07-23',2),(253,'2022-07-23',3),(254,'2022-07-23',4),(255,'2022-07-23',5),(256,'2022-07-25',1),(257,'2022-07-25',2),(258,'2022-07-25',3),(259,'2022-07-25',4),(260,'2022-07-25',5),(261,'2022-07-26',1),(262,'2022-07-26',2),(263,'2022-07-26',3),(264,'2022-07-26',4),(265,'2022-07-26',5),(266,'2022-07-27',1),(267,'2022-07-27',2),(268,'2022-07-27',3),(269,'2022-07-27',4),(270,'2022-07-27',5),(271,'2022-07-28',1),(272,'2022-07-28',2),(273,'2022-07-28',3),(274,'2022-07-28',4),(275,'2022-07-28',5),(276,'2022-07-29',1),(277,'2022-07-29',2),(278,'2022-07-29',3),(279,'2022-07-29',4),(280,'2022-07-29',5),(281,'2022-07-30',1),(282,'2022-07-30',2),(283,'2022-07-30',3),(284,'2022-07-30',4),(285,'2022-07-30',5),(286,'2022-07-31',1),(287,'2022-07-31',2),(288,'2022-07-31',3),(289,'2022-07-31',4),(290,'2022-07-31',5),(291,'2022-08-01',1),(292,'2022-08-01',2),(293,'2022-08-01',3),(294,'2022-08-01',4),(295,'2022-08-01',5),(296,'2022-08-02',1),(297,'2022-08-02',2),(298,'2022-08-02',3),(299,'2022-08-02',4),(300,'2022-08-02',5),(301,'2022-08-03',1),(302,'2022-08-03',2),(303,'2022-08-03',3),(304,'2022-08-03',4),(305,'2022-08-03',5),(306,'2022-08-04',1),(307,'2022-08-04',2),(308,'2022-08-04',3),(309,'2022-08-04',4),(310,'2022-08-04',5),(311,'2022-08-05',1),(312,'2022-08-05',2),(313,'2022-08-05',3),(314,'2022-08-05',4),(315,'2022-08-05',5),(316,'2022-08-06',1),(317,'2022-08-06',2),(318,'2022-08-06',3),(319,'2022-08-06',4),(320,'2022-08-06',5),(321,'2022-08-07',1),(322,'2022-08-07',2),(323,'2022-08-07',3),(324,'2022-08-07',4),(325,'2022-08-07',5),(326,'2022-08-08',1),(327,'2022-08-08',2),(328,'2022-08-08',3),(329,'2022-08-08',4),(330,'2022-08-08',5),(331,'2022-08-09',1),(332,'2022-08-09',2),(333,'2022-08-09',3),(334,'2022-08-09',4),(335,'2022-08-09',5),(336,'2022-08-10',1),(337,'2022-08-10',2),(338,'2022-08-10',3),(339,'2022-08-10',4),(340,'2022-08-10',5),(341,'2022-08-11',1),(342,'2022-08-11',2),(343,'2022-08-11',3),(344,'2022-08-11',4),(345,'2022-08-11',5),(346,'2022-08-12',1),(347,'2022-08-12',2),(348,'2022-08-12',3),(349,'2022-08-12',4),(350,'2022-08-12',5),(351,'2022-08-14',1),(352,'2022-08-14',2),(353,'2022-08-14',3),(354,'2022-08-14',4),(355,'2022-08-14',5),(356,'2022-08-15',1),(357,'2022-08-15',2),(358,'2022-08-15',3),(359,'2022-08-15',4),(360,'2022-08-15',5),(361,'2022-06-30',1),(362,'2022-06-30',2),(363,'2022-06-30',3),(364,'2022-06-30',4),(365,'2022-06-30',5),(366,'2022-07-24',1),(367,'2022-07-24',3),(368,'2022-07-24',4),(369,'2022-07-24',5),(370,'2022-08-13',3),(371,'2022-08-13',4),(372,'2022-08-13',5),(373,'2022-08-16',1),(374,'2022-08-16',2),(375,'2022-08-16',3),(376,'2022-08-16',4),(377,'2022-08-16',5),(378,'2022-08-16',9),(379,'2022-08-16',8),(380,'2022-08-16',13),(382,'2022-08-17',1),(383,'2022-08-17',2),(384,'2022-08-17',3),(385,'2022-08-17',4),(386,'2022-08-17',5),(387,'2022-08-17',9),(388,'2022-08-17',8),(391,'2022-08-18',8),(392,'2022-08-18',1),(393,'2022-08-18',2),(394,'2022-08-18',9),(395,'2022-08-18',13),(396,'2022-08-18',10),(401,'2022-08-19',9),(402,'2022-08-19',1),(403,'2022-08-19',2),(404,'2022-08-19',27),(405,'2022-08-19',10),(406,'2022-08-19',8);
/*!40000 ALTER TABLE `member_calendar` ENABLE KEYS */;
UNLOCK TABLES;

--
-- Table structure for table `member_history`
--

DROP TABLE IF EXISTS `member_history`;
/*!40101 SET @saved_cs_client     = @@character_set_client */;
/*!50503 SET character_set_client = utf8mb4 */;
CREATE TABLE `member_history` (
  `member_history_id` bigint NOT NULL AUTO_INCREMENT,
  `current_strick` int DEFAULT NULL,
  `maximum_strick` int DEFAULT NULL,
  PRIMARY KEY (`member_history_id`)
) ENGINE=InnoDB AUTO_INCREMENT=25 DEFAULT CHARSET=utf8mb4 COLLATE=utf8mb4_0900_ai_ci;
/*!40101 SET character_set_client = @saved_cs_client */;

--
-- Dumping data for table `member_history`
--

LOCK TABLES `member_history` WRITE;
/*!40000 ALTER TABLE `member_history` DISABLE KEYS */;
INSERT INTO `member_history` VALUES (1,6,77),(2,77,77),(3,0,75),(4,0,75),(5,0,75),(6,0,100),(7,0,63),(8,4,50),(9,4,50),(10,0,50),(11,1,1),(12,2,2),(13,0,0),(14,0,0),(15,0,0),(16,0,0),(17,0,0),(18,0,0),(19,0,0),(20,0,0),(21,0,0),(22,0,0),(23,0,0),(24,1,1);
/*!40000 ALTER TABLE `member_history` ENABLE KEYS */;
UNLOCK TABLES;

--
-- Table structure for table `member_history_detail`
--

DROP TABLE IF EXISTS `member_history_detail`;
/*!40101 SET @saved_cs_client     = @@character_set_client */;
/*!50503 SET character_set_client = utf8mb4 */;
CREATE TABLE `member_history_detail` (
  `member_history_detail_id` bigint NOT NULL AUTO_INCREMENT,
  `exercise_name` varchar(255) DEFAULT NULL,
  `exercise_num` int DEFAULT NULL,
  `exercise_time` int DEFAULT NULL,
  `memeber_history_id` bigint DEFAULT NULL,
  PRIMARY KEY (`member_history_detail_id`),
  KEY `FK9vkff0n0y40befqxku8dl89jf` (`memeber_history_id`),
  CONSTRAINT `FK9vkff0n0y40befqxku8dl89jf` FOREIGN KEY (`memeber_history_id`) REFERENCES `member_history` (`member_history_id`)
) ENGINE=InnoDB AUTO_INCREMENT=1162 DEFAULT CHARSET=utf8mb4 COLLATE=utf8mb4_0900_ai_ci;
/*!40101 SET character_set_client = @saved_cs_client */;

--
-- Dumping data for table `member_history_detail`
--

LOCK TABLES `member_history_detail` WRITE;
/*!40000 ALTER TABLE `member_history_detail` DISABLE KEYS */;
INSERT INTO `member_history_detail` VALUES (1,'LATERALRAISE',15,1,1),(2,'JUMPINGJACK',15,1,1),(3,'LATERALRAISE',15,1,2),(4,'JUMPINGJACK',15,1,2),(5,'LATERALRAISE',15,1,3),(6,'JUMPINGJACK',20,1,3),(7,'LATERALRAISE',10,1,4),(8,'JUMPINGJACK',15,1,4),(9,'LATERALRAISE',15,1,5),(10,'JUMPINGJACK',10,1,5),(11,'SQUAT',15,1,1),(12,'PUSHUP',15,1,1),(13,'SQUAT',15,1,2),(14,'PUSHUP',15,1,2),(15,'SQUAT',10,1,3),(16,'PUSHUP',15,1,3),(17,'SQUAT',15,1,4),(18,'PUSHUP',10,1,4),(19,'SQUAT',10,1,5),(20,'PUSHUP',15,1,5),(21,'SQUAT',15,1,1),(22,'PUSHUP',15,1,1),(23,'SQUAT',15,1,2),(24,'PUSHUP',15,1,2),(25,'SQUAT',10,1,3),(26,'PUSHUP',15,1,3),(27,'SQUAT',15,1,4),(28,'PUSHUP',10,1,4),(29,'SQUAT',10,1,5),(30,'PUSHUP',15,1,5),(31,'BURPEE',10,1,1),(32,'PUSHUP',5,1,1),(33,'BURPEE',10,1,2),(34,'PUSHUP',5,1,2),(35,'BURPEE',10,1,3),(36,'PUSHUP',7,1,3),(37,'BURPEE',15,1,4),(38,'PUSHUP',5,1,4),(39,'BURPEE',8,1,5),(40,'PUSHUP',6,1,5),(41,'BURPEE',8,1,1),(42,'PUSHUP',5,1,1),(43,'BURPEE',10,1,2),(44,'PUSHUP',5,1,2),(45,'BURPEE',14,1,3),(46,'PUSHUP',8,1,3),(47,'BURPEE',12,1,4),(48,'PUSHUP',3,1,4),(49,'BURPEE',12,1,5),(50,'PUSHUP',8,1,5),(51,'SQUAT',15,1,1),(52,'PUSHUP',15,1,1),(53,'SQUAT',15,1,2),(54,'PUSHUP',15,1,2),(55,'SQUAT',12,1,3),(56,'PUSHUP',5,1,3),(57,'SQUAT',12,1,4),(58,'PUSHUP',7,1,4),(59,'SQUAT',13,1,5),(60,'PUSHUP',17,1,5),(61,'LATERALRAISE',15,1,1),(62,'JUMPINGJACK',15,1,1),(63,'LATERALRAISE',15,1,2),(64,'JUMPINGJACK',15,1,2),(65,'LATERALRAISE',14,1,3),(66,'JUMPINGJACK',17,1,3),(67,'LATERALRAISE',15,1,4),(68,'JUMPINGJACK',12,1,4),(69,'LATERALRAISE',13,1,5),(70,'JUMPINGJACK',18,1,5),(71,'LUNGE',15,1,1),(72,'SQUAT',15,1,1),(73,'LUNGE',15,1,2),(74,'SQUAT',15,1,2),(75,'LUNGE',15,1,3),(76,'SQUAT',10,1,3),(77,'LUNGE',10,1,4),(78,'SQUAT',15,1,4),(79,'LUNGE',15,1,5),(80,'SQUAT',10,1,5),(81,'LATERALRAISE',15,1,1),(82,'JUMPINGJACK',15,1,1),(83,'LATERALRAISE',15,1,2),(84,'JUMPINGJACK',15,1,2),(85,'LATERALRAISE',15,1,3),(86,'JUMPINGJACK',20,1,3),(87,'LATERALRAISE',10,1,4),(88,'JUMPINGJACK',15,1,4),(89,'LATERALRAISE',15,1,5),(90,'JUMPINGJACK',10,1,5),(91,'BURPEE',10,1,1),(92,'PUSHUP',5,1,1),(93,'BURPEE',10,1,2),(94,'PUSHUP',5,1,2),(95,'BURPEE',10,1,3),(96,'PUSHUP',7,1,3),(97,'BURPEE',15,1,4),(98,'PUSHUP',5,1,4),(99,'BURPEE',8,1,5),(100,'PUSHUP',6,1,5),(101,'LUNGE',15,1,1),(102,'SQUAT',15,1,1),(103,'LUNGE',15,1,2),(104,'SQUAT',15,1,2),(105,'LUNGE',15,1,3),(106,'SQUAT',10,1,3),(107,'LUNGE',10,1,4),(108,'SQUAT',15,1,4),(109,'LUNGE',15,1,5),(110,'SQUAT',10,1,5),(111,'LATERALRAISE',15,1,1),(112,'JUMPINGJACK',15,1,1),(113,'LATERALRAISE',15,1,2),(114,'JUMPINGJACK',15,1,2),(115,'LATERALRAISE',15,1,3),(116,'JUMPINGJACK',20,1,3),(117,'LATERALRAISE',10,1,4),(118,'JUMPINGJACK',15,1,4),(119,'LATERALRAISE',15,1,5),(120,'JUMPINGJACK',10,1,5),(121,'BURPEE',10,1,1),(122,'PUSHUP',5,1,1),(123,'BURPEE',10,1,2),(124,'PUSHUP',5,1,2),(125,'BURPEE',12,1,3),(126,'PUSHUP',5,1,3),(127,'BURPEE',12,1,4),(128,'PUSHUP',8,1,4),(129,'BURPEE',12,1,5),(130,'PUSHUP',8,1,5),(131,'LATERALRAISE',15,1,1),(132,'JUMPINGJACK',15,1,1),(133,'LATERALRAISE',15,1,2),(134,'JUMPINGJACK',15,1,2),(135,'LATERALRAISE',16,1,3),(136,'JUMPINGJACK',17,1,3),(137,'LATERALRAISE',15,1,4),(138,'JUMPINGJACK',14,1,4),(139,'LATERALRAISE',21,1,5),(140,'JUMPINGJACK',16,1,5),(141,'LUNGE',15,1,1),(142,'SQUAT',15,1,1),(143,'LUNGE',15,1,2),(144,'SQUAT',15,1,2),(145,'LUNGE',15,1,3),(146,'SQUAT',10,1,3),(147,'LUNGE',10,1,4),(148,'SQUAT',15,1,4),(149,'LUNGE',15,1,5),(150,'SQUAT',10,1,5),(151,'BURPEE',10,1,1),(152,'PUSHUP',5,1,1),(153,'BURPEE',10,1,2),(154,'PUSHUP',5,1,2),(155,'BURPEE',10,1,3),(156,'PUSHUP',7,1,3),(157,'BURPEE',15,1,4),(158,'PUSHUP',5,1,4),(159,'BURPEE',8,1,5),(160,'PUSHUP',6,1,5),(161,'LUNGE',15,1,1),(162,'SQUAT',15,1,1),(163,'LUNGE',15,1,2),(164,'SQUAT',15,1,2),(165,'LUNGE',15,1,3),(166,'SQUAT',10,1,3),(167,'LUNGE',10,1,4),(168,'SQUAT',15,1,4),(169,'LUNGE',15,1,5),(170,'SQUAT',10,1,5),(171,'BURPEE',10,1,1),(172,'PUSHUP',5,1,1),(173,'BURPEE',10,1,2),(174,'PUSHUP',5,1,2),(175,'BURPEE',10,1,3),(176,'PUSHUP',7,1,3),(177,'BURPEE',15,1,4),(178,'PUSHUP',5,1,4),(179,'BURPEE',8,1,5),(180,'PUSHUP',6,1,5),(181,'LATERALRAISE',15,1,1),(182,'JUMPINGJACK',15,1,1),(183,'LATERALRAISE',15,1,2),(184,'JUMPINGJACK',15,1,2),(185,'LATERALRAISE',15,1,3),(186,'JUMPINGJACK',20,1,3),(187,'LATERALRAISE',10,1,4),(188,'JUMPINGJACK',15,1,4),(189,'LATERALRAISE',15,1,5),(190,'JUMPINGJACK',10,1,5),(191,'LUNGE',15,1,1),(192,'SQUAT',15,1,1),(193,'LUNGE',15,1,2),(194,'SQUAT',15,1,2),(195,'LUNGE',15,1,3),(196,'SQUAT',10,1,3),(197,'LUNGE',10,1,4),(198,'SQUAT',15,1,4),(199,'LUNGE',15,1,5),(200,'SQUAT',10,1,5),(201,'BURPEE',10,1,1),(202,'PUSHUP',5,1,1),(203,'BURPEE',10,1,2),(204,'PUSHUP',5,1,2),(205,'BURPEE',10,1,3),(206,'PUSHUP',7,1,3),(207,'BURPEE',15,1,4),(208,'PUSHUP',5,1,4),(209,'BURPEE',8,1,5),(210,'PUSHUP',6,1,5),(211,'LUNGE',15,1,1),(212,'SQUAT',15,1,1),(213,'LUNGE',15,1,2),(214,'SQUAT',15,1,2),(215,'LUNGE',15,1,3),(216,'SQUAT',10,1,3),(217,'LUNGE',10,1,4),(218,'SQUAT',15,1,4),(219,'LUNGE',15,1,5),(220,'SQUAT',10,1,5),(221,'BURPEE',10,1,1),(222,'PUSHUP',5,1,1),(223,'BURPEE',10,1,2),(224,'PUSHUP',5,1,2),(225,'BURPEE',10,1,3),(226,'PUSHUP',7,1,3),(227,'BURPEE',15,1,4),(228,'PUSHUP',5,1,4),(229,'BURPEE',8,1,5),(230,'PUSHUP',6,1,5),(231,'LATERALRAISE',15,1,1),(232,'LUNGE',15,1,1),(233,'SQUAT',10,1,1),(234,'JUMPINGJACK',15,1,1),(235,'LATERALRAISE',15,1,2),(236,'LUNGE',15,1,2),(237,'SQUAT',10,1,2),(238,'JUMPINGJACK',15,1,2),(239,'LATERALRAISE',15,1,3),(240,'LUNGE',15,1,3),(241,'SQUAT',10,1,3),(242,'JUMPINGJACK',20,1,3),(243,'LATERALRAISE',10,1,4),(244,'LUNGE',15,1,4),(245,'SQUAT',10,1,4),(246,'JUMPINGJACK',15,1,4),(247,'LATERALRAISE',15,1,5),(248,'LUNGE',15,1,5),(249,'SQUAT',10,1,5),(250,'JUMPINGJACK',10,1,5),(251,'BURPEE',10,1,1),(252,'PUSHUP',5,1,1),(253,'BURPEE',10,1,2),(254,'PUSHUP',5,1,2),(255,'BURPEE',10,1,3),(256,'PUSHUP',7,1,3),(257,'BURPEE',15,1,4),(258,'PUSHUP',5,1,4),(259,'BURPEE',8,1,5),(260,'PUSHUP',6,1,5),(261,'LUNGE',15,1,1),(262,'SQUAT',15,1,1),(263,'LUNGE',15,1,2),(264,'SQUAT',15,1,2),(265,'LUNGE',15,1,3),(266,'SQUAT',10,1,3),(267,'LUNGE',10,1,4),(268,'SQUAT',15,1,4),(269,'LUNGE',15,1,5),(270,'SQUAT',10,1,5),(271,'LUNGE',15,1,1),(272,'SQUAT',15,1,1),(273,'LUNGE',15,1,2),(274,'SQUAT',15,1,2),(275,'LUNGE',15,1,3),(276,'SQUAT',10,1,3),(277,'LUNGE',10,1,4),(278,'SQUAT',15,1,4),(279,'LUNGE',15,1,5),(280,'SQUAT',10,1,5),(281,'BURPEE',10,1,1),(282,'PUSHUP',5,1,1),(283,'BURPEE',10,1,2),(284,'PUSHUP',5,1,2),(285,'BURPEE',10,1,3),(286,'PUSHUP',7,1,3),(287,'BURPEE',15,1,4),(288,'PUSHUP',5,1,4),(289,'BURPEE',8,1,5),(290,'PUSHUP',6,1,5),(291,'BURPEE',10,1,1),(292,'PUSHUP',5,1,1),(293,'BURPEE',10,1,2),(294,'PUSHUP',5,1,2),(295,'BURPEE',10,1,3),(296,'PUSHUP',7,1,3),(297,'BURPEE',15,1,4),(298,'PUSHUP',5,1,4),(299,'BURPEE',8,1,5),(300,'PUSHUP',6,1,5),(301,'LATERALRAISE',15,1,1),(302,'LUNGE',15,1,1),(303,'SQUAT',10,1,1),(304,'JUMPINGJACK',15,1,1),(305,'LATERALRAISE',15,1,2),(306,'LUNGE',15,1,2),(307,'SQUAT',10,1,2),(308,'JUMPINGJACK',15,1,2),(309,'LATERALRAISE',15,1,3),(310,'LUNGE',15,1,3),(311,'SQUAT',10,1,3),(312,'JUMPINGJACK',20,1,3),(313,'LATERALRAISE',10,1,4),(314,'LUNGE',15,1,4),(315,'SQUAT',10,1,4),(316,'JUMPINGJACK',15,1,4),(317,'LATERALRAISE',15,1,5),(318,'LUNGE',15,1,5),(319,'SQUAT',10,1,5),(320,'JUMPINGJACK',10,1,5),(321,'BURPEE',10,1,1),(322,'PUSHUP',5,1,1),(323,'BURPEE',10,1,2),(324,'PUSHUP',5,1,2),(325,'BURPEE',10,1,3),(326,'PUSHUP',7,1,3),(327,'BURPEE',15,1,4),(328,'PUSHUP',5,1,4),(329,'BURPEE',8,1,5),(330,'PUSHUP',6,1,5),(331,'LATERALRAISE',15,1,1),(332,'JUMPINGJACK',15,1,1),(333,'LATERALRAISE',15,1,2),(334,'JUMPINGJACK',15,1,2),(335,'LATERALRAISE',15,1,3),(336,'JUMPINGJACK',20,1,3),(337,'LATERALRAISE',10,1,4),(338,'JUMPINGJACK',15,1,4),(339,'LATERALRAISE',15,1,5),(340,'JUMPINGJACK',10,1,5),(341,'BURPEE',10,1,1),(342,'PUSHUP',5,1,1),(343,'BURPEE',10,1,2),(344,'PUSHUP',5,1,2),(345,'BURPEE',10,1,3),(346,'PUSHUP',7,1,3),(347,'BURPEE',15,1,4),(348,'PUSHUP',5,1,4),(349,'BURPEE',8,1,5),(350,'PUSHUP',6,1,5),(351,'LUNGE',15,1,1),(352,'SQUAT',15,1,1),(353,'LUNGE',15,1,2),(354,'SQUAT',15,1,2),(355,'LUNGE',15,1,3),(356,'SQUAT',10,1,3),(357,'LUNGE',10,1,4),(358,'SQUAT',15,1,4),(359,'LUNGE',15,1,5),(360,'SQUAT',10,1,5),(361,'LATERALRAISE',15,1,1),(362,'JUMPINGJACK',15,1,1),(363,'LATERALRAISE',15,1,2),(364,'JUMPINGJACK',15,1,2),(365,'LATERALRAISE',15,1,3),(366,'JUMPINGJACK',20,1,3),(367,'LATERALRAISE',10,1,4),(368,'JUMPINGJACK',15,1,4),(369,'LATERALRAISE',15,1,5),(370,'JUMPINGJACK',10,1,5),(371,'LATERALRAISE',15,1,1),(372,'LUNGE',15,1,1),(373,'SQUAT',10,1,1),(374,'JUMPINGJACK',15,1,1),(375,'LATERALRAISE',15,1,2),(376,'LUNGE',15,1,2),(377,'SQUAT',10,1,2),(378,'JUMPINGJACK',15,1,2),(379,'LATERALRAISE',15,1,3),(380,'LUNGE',15,1,3),(381,'SQUAT',10,1,3),(382,'JUMPINGJACK',15,1,3),(383,'LATERALRAISE',18,1,4),(384,'LUNGE',15,1,4),(385,'SQUAT',10,1,4),(386,'JUMPINGJACK',15,1,4),(387,'LATERALRAISE',12,1,5),(388,'LUNGE',10,1,5),(389,'SQUAT',8,1,5),(390,'JUMPINGJACK',18,1,5),(391,'LUNGE',15,1,1),(392,'SQUAT',15,1,1),(393,'LUNGE',15,1,2),(394,'SQUAT',15,1,2),(395,'LUNGE',15,1,3),(396,'SQUAT',10,1,3),(397,'LUNGE',10,1,4),(398,'SQUAT',15,1,4),(399,'LUNGE',15,1,5),(400,'SQUAT',10,1,5),(401,'BURPEE',10,1,1),(402,'PUSHUP',5,1,1),(403,'BURPEE',10,1,2),(404,'PUSHUP',5,1,2),(405,'BURPEE',10,1,3),(406,'PUSHUP',7,1,3),(407,'BURPEE',15,1,4),(408,'PUSHUP',5,1,4),(409,'BURPEE',8,1,5),(410,'PUSHUP',6,1,5),(411,'LATERALRAISE',15,1,1),(412,'LUNGE',15,1,1),(413,'SQUAT',10,1,1),(414,'JUMPINGJACK',15,1,1),(415,'LATERALRAISE',15,1,2),(416,'LUNGE',15,1,2),(417,'SQUAT',10,1,2),(418,'JUMPINGJACK',15,1,2),(419,'LATERALRAISE',15,1,3),(420,'LUNGE',15,1,3),(421,'SQUAT',10,1,3),(422,'JUMPINGJACK',20,1,3),(423,'LATERALRAISE',10,1,4),(424,'LUNGE',15,1,4),(425,'SQUAT',10,1,4),(426,'JUMPINGJACK',15,1,4),(427,'LATERALRAISE',15,1,5),(428,'LUNGE',15,1,5),(429,'SQUAT',10,1,5),(430,'JUMPINGJACK',10,1,5),(431,'LUNGE',15,1,1),(432,'SQUAT',15,1,1),(433,'LUNGE',15,1,2),(434,'SQUAT',15,1,2),(435,'LUNGE',15,1,3),(436,'SQUAT',10,1,3),(437,'LUNGE',10,1,4),(438,'SQUAT',15,1,4),(439,'LUNGE',15,1,5),(440,'SQUAT',10,1,5),(441,'BURPEE',10,1,1),(442,'PUSHUP',5,1,1),(443,'BURPEE',10,1,2),(444,'PUSHUP',5,1,2),(445,'BURPEE',10,1,3),(446,'PUSHUP',7,1,3),(447,'BURPEE',15,1,4),(448,'PUSHUP',5,1,4),(449,'BURPEE',8,1,5),(450,'PUSHUP',6,1,5),(451,'LATERALRAISE',15,1,1),(452,'JUMPINGJACK',15,1,1),(453,'LATERALRAISE',15,1,2),(454,'JUMPINGJACK',15,1,2),(455,'LATERALRAISE',15,1,3),(456,'JUMPINGJACK',20,1,3),(457,'LATERALRAISE',10,1,4),(458,'JUMPINGJACK',15,1,4),(459,'LATERALRAISE',15,1,5),(460,'JUMPINGJACK',10,1,5),(461,'LUNGE',15,1,1),(462,'SQUAT',15,1,1),(463,'LUNGE',15,1,2),(464,'SQUAT',15,1,2),(465,'LUNGE',15,1,3),(466,'SQUAT',10,1,3),(467,'LUNGE',10,1,4),(468,'SQUAT',15,1,4),(469,'LUNGE',15,1,5),(470,'SQUAT',10,1,5),(471,'BURPEE',10,1,1),(472,'PUSHUP',5,1,1),(473,'BURPEE',10,1,2),(474,'PUSHUP',5,1,2),(475,'BURPEE',10,1,3),(476,'PUSHUP',7,1,3),(477,'BURPEE',15,1,4),(478,'PUSHUP',5,1,4),(479,'BURPEE',8,1,5),(480,'PUSHUP',6,1,5),(481,'LATERALRAISE',15,1,1),(482,'LUNGE',15,1,1),(483,'SQUAT',10,1,1),(484,'JUMPINGJACK',15,1,1),(485,'LATERALRAISE',15,1,2),(486,'LUNGE',15,1,2),(487,'SQUAT',10,1,2),(488,'JUMPINGJACK',15,1,2),(489,'LATERALRAISE',15,1,3),(490,'LUNGE',15,1,3),(491,'SQUAT',10,1,3),(492,'JUMPINGJACK',20,1,3),(493,'LATERALRAISE',10,1,4),(494,'LUNGE',15,1,4),(495,'SQUAT',10,1,4),(496,'JUMPINGJACK',15,1,4),(497,'LATERALRAISE',15,1,5),(498,'LUNGE',15,1,5),(499,'SQUAT',10,1,5),(500,'JUMPINGJACK',10,1,5),(501,'BURPEE',10,1,1),(502,'PUSHUP',5,1,1),(503,'BURPEE',10,1,2),(504,'PUSHUP',5,1,2),(505,'BURPEE',10,1,3),(506,'PUSHUP',7,1,3),(507,'BURPEE',15,1,4),(508,'PUSHUP',5,1,4),(509,'BURPEE',8,1,5),(510,'PUSHUP',6,1,5),(511,'LUNGE',15,1,1),(512,'SQUAT',15,1,1),(513,'LUNGE',15,1,2),(514,'SQUAT',15,1,2),(515,'LUNGE',15,1,3),(516,'SQUAT',10,1,3),(517,'LUNGE',10,1,4),(518,'SQUAT',15,1,4),(519,'LUNGE',15,1,5),(520,'SQUAT',10,1,5),(521,'LUNGE',15,1,1),(522,'SQUAT',15,1,1),(523,'LUNGE',15,1,2),(524,'SQUAT',15,1,2),(525,'LUNGE',15,1,3),(526,'SQUAT',10,1,3),(527,'LUNGE',10,1,4),(528,'SQUAT',15,1,4),(529,'LUNGE',15,1,5),(530,'SQUAT',10,1,5),(531,'LATERALRAISE',15,1,1),(532,'LUNGE',15,1,1),(533,'SQUAT',10,1,1),(534,'JUMPINGJACK',15,1,1),(535,'LATERALRAISE',15,1,2),(536,'LUNGE',15,1,2),(537,'SQUAT',10,1,2),(538,'JUMPINGJACK',15,1,2),(539,'LATERALRAISE',15,1,3),(540,'LUNGE',15,1,3),(541,'SQUAT',10,1,3),(542,'JUMPINGJACK',20,1,3),(543,'LATERALRAISE',10,1,4),(544,'LUNGE',15,1,4),(545,'SQUAT',10,1,4),(546,'JUMPINGJACK',15,1,4),(547,'LATERALRAISE',15,1,5),(548,'LUNGE',15,1,5),(549,'SQUAT',10,1,5),(550,'JUMPINGJACK',10,1,5),(551,'BURPEE',10,1,1),(552,'PUSHUP',5,1,1),(553,'BURPEE',10,1,2),(554,'PUSHUP',5,1,2),(555,'BURPEE',10,1,3),(556,'PUSHUP',7,1,3),(557,'BURPEE',15,1,4),(558,'PUSHUP',5,1,4),(559,'BURPEE',8,1,5),(560,'PUSHUP',6,1,5),(561,'LUNGE',15,1,1),(562,'SQUAT',15,1,1),(563,'LUNGE',15,1,2),(564,'SQUAT',15,1,2),(565,'LUNGE',15,1,3),(566,'SQUAT',10,1,3),(567,'LUNGE',10,1,4),(568,'SQUAT',15,1,4),(569,'LUNGE',15,1,5),(570,'SQUAT',10,1,5),(571,'LATERALRAISE',15,1,1),(572,'JUMPINGJACK',15,1,1),(573,'LATERALRAISE',15,1,2),(574,'JUMPINGJACK',15,1,2),(575,'LATERALRAISE',14,1,3),(576,'JUMPINGJACK',16,1,3),(577,'LATERALRAISE',19,1,4),(578,'JUMPINGJACK',13,1,4),(579,'LATERALRAISE',21,1,5),(580,'JUMPINGJACK',16,1,5),(581,'LUNGE',15,1,1),(582,'SQUAT',15,1,1),(583,'LUNGE',15,1,2),(584,'SQUAT',15,1,2),(585,'LUNGE',15,1,3),(586,'SQUAT',10,1,3),(587,'LUNGE',10,1,4),(588,'SQUAT',15,1,4),(589,'LUNGE',15,1,5),(590,'SQUAT',10,1,5),(591,'LATERALRAISE',15,1,1),(592,'JUMPINGJACK',15,1,1),(593,'LATERALRAISE',15,1,2),(594,'JUMPINGJACK',15,1,2),(595,'LATERALRAISE',15,1,3),(596,'JUMPINGJACK',20,1,3),(597,'LATERALRAISE',10,1,4),(598,'JUMPINGJACK',15,1,4),(599,'LATERALRAISE',15,1,5),(600,'JUMPINGJACK',10,1,5),(601,'LUNGE',15,1,1),(602,'SQUAT',15,1,1),(603,'LUNGE',15,1,2),(604,'SQUAT',15,1,2),(605,'LUNGE',15,1,3),(606,'SQUAT',10,1,3),(607,'LUNGE',10,1,4),(608,'SQUAT',15,1,4),(609,'LUNGE',15,1,5),(610,'SQUAT',10,1,5),(611,'BURPEE',10,1,1),(612,'PUSHUP',5,1,1),(613,'BURPEE',10,1,2),(614,'PUSHUP',5,1,2),(615,'BURPEE',12,1,3),(616,'PUSHUP',3,1,3),(617,'BURPEE',12,1,4),(618,'PUSHUP',5,1,4),(619,'BURPEE',12,1,5),(620,'PUSHUP',8,1,5),(621,'LATERALRAISE',15,1,1),(622,'LUNGE',15,1,1),(623,'SQUAT',10,1,1),(624,'JUMPINGJACK',15,1,1),(625,'LATERALRAISE',15,1,2),(626,'LUNGE',15,1,2),(627,'SQUAT',10,1,2),(628,'JUMPINGJACK',15,1,2),(629,'LATERALRAISE',15,1,3),(630,'LUNGE',15,1,3),(631,'SQUAT',10,1,3),(632,'JUMPINGJACK',20,1,3),(633,'LATERALRAISE',10,1,4),(634,'LUNGE',15,1,4),(635,'SQUAT',10,1,4),(636,'JUMPINGJACK',15,1,4),(637,'LATERALRAISE',15,1,5),(638,'LUNGE',15,1,5),(639,'SQUAT',10,1,5),(640,'JUMPINGJACK',10,1,5),(641,'BURPEE',10,1,1),(642,'PUSHUP',5,1,1),(643,'BURPEE',10,1,2),(644,'PUSHUP',5,1,2),(645,'BURPEE',10,1,3),(646,'PUSHUP',7,1,3),(647,'BURPEE',15,1,4),(648,'PUSHUP',5,1,4),(649,'BURPEE',8,1,5),(650,'PUSHUP',6,1,5),(651,'LATERALRAISE',15,1,1),(652,'JUMPINGJACK',15,1,1),(653,'LATERALRAISE',15,1,2),(654,'JUMPINGJACK',15,1,2),(655,'LATERALRAISE',15,1,3),(656,'JUMPINGJACK',20,1,3),(657,'LATERALRAISE',10,1,4),(658,'JUMPINGJACK',15,1,4),(659,'LATERALRAISE',15,1,5),(660,'JUMPINGJACK',10,1,5),(661,'LUNGE',15,1,1),(662,'SQUAT',15,1,1),(663,'LUNGE',15,1,2),(664,'SQUAT',15,1,2),(665,'LUNGE',15,1,3),(666,'SQUAT',10,1,3),(667,'LUNGE',10,1,4),(668,'SQUAT',15,1,4),(669,'LUNGE',15,1,5),(670,'SQUAT',10,1,5),(671,'LATERALRAISE',15,1,1),(672,'JUMPINGJACK',15,1,1),(673,'LATERALRAISE',15,1,2),(674,'JUMPINGJACK',15,1,2),(675,'LATERALRAISE',15,1,3),(676,'JUMPINGJACK',20,1,3),(677,'LATERALRAISE',10,1,4),(678,'JUMPINGJACK',15,1,4),(679,'LATERALRAISE',15,1,5),(680,'JUMPINGJACK',10,1,5),(681,'LUNGE',15,1,1),(682,'SQUAT',15,1,1),(683,'LUNGE',15,1,2),(684,'SQUAT',15,1,2),(685,'LUNGE',15,1,3),(686,'SQUAT',10,1,3),(687,'LUNGE',10,1,4),(688,'SQUAT',15,1,4),(689,'LUNGE',15,1,5),(690,'SQUAT',10,1,5),(691,'BURPEE',10,1,1),(692,'PUSHUP',5,1,1),(693,'BURPEE',10,1,2),(694,'PUSHUP',5,1,2),(695,'BURPEE',10,1,3),(696,'PUSHUP',7,1,3),(697,'BURPEE',15,1,4),(698,'PUSHUP',5,1,4),(699,'BURPEE',8,1,5),(700,'PUSHUP',6,1,5),(701,'LATERALRAISE',15,1,1),(702,'JUMPINGJACK',15,1,1),(703,'LATERALRAISE',15,1,2),(704,'JUMPINGJACK',15,1,2),(705,'LATERALRAISE',15,1,3),(706,'JUMPINGJACK',20,1,3),(707,'LATERALRAISE',10,1,4),(708,'JUMPINGJACK',15,1,4),(709,'LATERALRAISE',15,1,5),(710,'JUMPINGJACK',10,1,5),(711,'BURPEE',10,1,1),(712,'PUSHUP',5,1,1),(713,'BURPEE',10,1,2),(714,'PUSHUP',5,1,2),(715,'BURPEE',10,1,3),(716,'PUSHUP',7,1,3),(717,'BURPEE',15,1,4),(718,'PUSHUP',5,1,4),(719,'BURPEE',8,1,5),(720,'PUSHUP',6,1,5),(721,'LUNGE',15,1,1),(722,'SQUAT',15,1,1),(723,'LUNGE',15,1,2),(724,'SQUAT',15,1,2),(725,'LUNGE',15,1,3),(726,'SQUAT',10,1,3),(727,'LUNGE',10,1,4),(728,'SQUAT',15,1,4),(729,'LUNGE',15,1,5),(730,'SQUAT',10,1,5),(731,'BURPEE',10,1,1),(732,'PUSHUP',5,1,1),(733,'BURPEE',10,1,2),(734,'PUSHUP',5,1,2),(735,'BURPEE',10,1,3),(736,'PUSHUP',7,1,3),(737,'BURPEE',15,1,4),(738,'PUSHUP',5,1,4),(739,'BURPEE',8,1,5),(740,'PUSHUP',6,1,5),(741,'LATERALRAISE',15,1,1),(742,'LUNGE',15,1,1),(743,'SQUAT',10,1,1),(744,'JUMPINGJACK',15,1,1),(745,'LATERALRAISE',15,1,2),(746,'LUNGE',15,1,2),(747,'SQUAT',10,1,2),(748,'JUMPINGJACK',15,1,2),(749,'LATERALRAISE',15,1,3),(750,'LUNGE',15,1,3),(751,'SQUAT',10,1,3),(752,'JUMPINGJACK',20,1,3),(753,'LATERALRAISE',10,1,4),(754,'LUNGE',15,1,4),(755,'SQUAT',10,1,4),(756,'JUMPINGJACK',15,1,4),(757,'LATERALRAISE',15,1,5),(758,'LUNGE',15,1,5),(759,'SQUAT',10,1,5),(760,'JUMPINGJACK',10,1,5),(761,'LUNGE',14,1,1),(762,'BURPEE',10,1,1),(763,'SQUAT',12,1,1),(764,'PUSHUP',5,1,1),(765,'LUNGE',12,1,2),(766,'BURPEE',10,1,2),(767,'SQUAT',11,1,2),(768,'PUSHUP',5,1,2),(769,'LUNGE',12,1,3),(770,'BURPEE',10,1,3),(771,'SQUAT',13,1,3),(772,'PUSHUP',5,1,3),(773,'LUNGE',10,1,4),(774,'BURPEE',10,1,4),(775,'SQUAT',15,1,4),(776,'PUSHUP',5,1,4),(777,'LUNGE',15,1,5),(778,'BURPEE',10,1,5),(779,'SQUAT',10,1,5),(780,'PUSHUP',5,1,5),(781,'LATERALRAISE',15,1,1),(782,'LUNGE',15,1,1),(783,'SQUAT',10,1,1),(784,'JUMPINGJACK',15,1,1),(785,'LATERALRAISE',15,1,2),(786,'LUNGE',15,1,2),(787,'SQUAT',10,1,2),(788,'JUMPINGJACK',15,1,2),(789,'LATERALRAISE',13,1,3),(790,'LUNGE',14,1,3),(791,'SQUAT',12,1,3),(792,'JUMPINGJACK',12,1,3),(793,'LATERALRAISE',12,1,4),(794,'LUNGE',12,1,4),(795,'SQUAT',15,1,4),(796,'JUMPINGJACK',11,1,4),(797,'LATERALRAISE',13,1,5),(798,'LUNGE',12,1,5),(799,'SQUAT',13,1,5),(800,'JUMPINGJACK',11,1,5),(801,'BURPEE',10,1,1),(802,'PUSHUP',5,1,1),(803,'BURPEE',10,1,2),(804,'PUSHUP',5,1,2),(805,'BURPEE',12,1,3),(806,'PUSHUP',2,1,3),(807,'BURPEE',12,1,4),(808,'PUSHUP',5,1,4),(809,'BURPEE',12,1,5),(810,'PUSHUP',2,1,5),(811,'LUNGE',15,1,1),(812,'SQUAT',15,1,1),(813,'LUNGE',15,1,2),(814,'SQUAT',15,1,2),(815,'LUNGE',12,1,3),(816,'SQUAT',13,1,3),(817,'LUNGE',11,1,4),(818,'SQUAT',13,1,4),(819,'LUNGE',2,1,5),(820,'SQUAT',4,1,5),(821,'LATERALRAISE',15,1,1),(822,'JUMPINGJACK',12,1,1),(823,'LATERALRAISE',11,1,2),(824,'JUMPINGJACK',13,1,2),(825,'LATERALRAISE',14,1,3),(826,'JUMPINGJACK',22,1,3),(827,'LATERALRAISE',12,1,4),(828,'JUMPINGJACK',11,1,4),(829,'LATERALRAISE',14,1,5),(830,'JUMPINGJACK',13,1,5),(831,'LUNGE',15,1,1),(832,'SQUAT',15,1,1),(833,'LUNGE',15,1,2),(834,'SQUAT',15,1,2),(835,'LUNGE',15,1,3),(836,'SQUAT',10,1,3),(837,'LUNGE',10,1,4),(838,'SQUAT',15,1,4),(839,'LUNGE',15,1,5),(840,'SQUAT',10,1,5),(841,'LUNGE',15,1,1),(842,'SQUAT',15,1,1),(843,'LUNGE',15,1,3),(844,'SQUAT',10,1,3),(845,'LUNGE',10,1,4),(846,'SQUAT',15,1,4),(847,'LUNGE',15,1,5),(848,'SQUAT',10,1,5),(849,'LUNGE',15,1,3),(850,'SQUAT',10,1,3),(851,'LUNGE',10,1,4),(852,'SQUAT',15,1,4),(853,'LUNGE',15,1,5),(854,'SQUAT',10,1,5),(855,'LATERALRAISE',15,1,1),(856,'LUNGE',15,1,1),(857,'SQUAT',10,1,1),(858,'JUMPINGJACK',15,1,1),(859,'LATERALRAISE',15,1,2),(860,'LUNGE',15,1,2),(861,'SQUAT',10,1,2),(862,'JUMPINGJACK',15,1,2),(863,'LATERALRAISE',15,1,3),(864,'LUNGE',15,1,3),(865,'SQUAT',10,1,3),(866,'JUMPINGJACK',20,1,3),(867,'LATERALRAISE',10,1,4),(868,'LUNGE',15,1,4),(869,'SQUAT',10,1,4),(870,'JUMPINGJACK',15,1,4),(871,'LATERALRAISE',15,1,5),(872,'LUNGE',15,1,5),(873,'SQUAT',10,1,5),(874,'JUMPINGJACK',10,1,5),(875,'LUNGE',10000,10000,8),(876,'LUNGE',10000,10000,9),(877,'LUNGE',10000,10000,10),(878,'LUNGE',0,1,9),(879,'SQUAT',3,1,9),(880,'LUNGE',0,1,8),(881,'SQUAT',0,1,8),(882,'LUNGE',0,1,9),(883,'SQUAT',0,1,9),(884,'LUNGE',0,1,11),(885,'SQUAT',0,1,11),(886,'LATERALRAISE',15,1,1),(887,'LUNGE',15,1,1),(888,'SQUAT',10,1,1),(889,'JUMPINGJACK',15,1,1),(890,'LATERALRAISE',15,1,2),(891,'LUNGE',15,1,2),(892,'SQUAT',10,1,2),(893,'JUMPINGJACK',15,1,2),(894,'LATERALRAISE',15,1,3),(895,'LUNGE',15,1,3),(896,'SQUAT',10,1,3),(897,'JUMPINGJACK',20,1,3),(898,'LATERALRAISE',10,1,4),(899,'LUNGE',15,1,4),(900,'SQUAT',10,1,4),(901,'JUMPINGJACK',15,1,4),(902,'LATERALRAISE',15,1,5),(903,'LUNGE',15,1,5),(904,'SQUAT',10,1,5),(905,'JUMPINGJACK',10,1,5),(906,'BURPEE',10,1,1),(907,'PUSHUP',5,1,1),(908,'BURPEE',10,1,2),(909,'PUSHUP',5,1,2),(910,'BURPEE',10,1,3),(911,'PUSHUP',7,1,3),(912,'BURPEE',15,1,4),(913,'PUSHUP',5,1,4),(914,'BURPEE',8,1,5),(915,'PUSHUP',6,1,5),(916,'LUNGE',17,5,9),(917,'SQUAT',22,5,9),(918,'LUNGE',0,5,8),(919,'SQUAT',0,5,8),(920,'LUNGE',0,1,9),(921,'SQUAT',1,1,9),(922,'LUNGE',0,1,9),(923,'SQUAT',0,1,9),(924,'LUNGE',0,1,8),(925,'SQUAT',0,1,8),(926,'JUMPINGJACK',0,1,8),(927,'LUNGE',6,1,9),(928,'SQUAT',7,1,9),(929,'LUNGE',0,1,8),(930,'SQUAT',0,1,8),(931,'JUMPINGJACK',0,1,8),(932,'LUNGE',0,1,8),(933,'SQUAT',0,1,8),(934,'JUMPINGJACK',0,1,8),(935,'BURPEE',1,1,2),(936,'LUNGE',0,1,2),(937,'SQUAT',0,1,2),(938,'BURPEE',1,1,2),(939,'LUNGE',7,1,2),(940,'SQUAT',7,1,2),(941,'BURPEE',0,1,2),(942,'LUNGE',0,1,2),(943,'SQUAT',0,1,2),(944,'LUNGE',2,1,9),(945,'SQUAT',5,1,9),(946,'BURPEE',0,1,2),(947,'LUNGE',0,1,2),(948,'SQUAT',0,1,2),(949,'BURPEE',0,4,8),(950,'SQUAT',2,1,1),(951,'BURPEE',0,1,2),(952,'LUNGE',0,1,2),(953,'SQUAT',0,1,2),(954,'LATERALRAISE',0,3,2),(955,'BURPEE',0,4,9),(956,'SQUAT',0,1,9),(957,'SQUAT',0,1,9),(958,'BURPEE',1,3,9),(959,'SQUAT',1,1,9),(960,'JUMPINGJACK',0,1,9),(961,'SQUAT',0,1,9),(962,'SQUAT',0,1,2),(963,'SQUAT',0,1,9),(964,'SQUAT',0,1,1),(965,'LATERALRAISE',0,1,2),(966,'LUNGE',3,1,2),(967,'BURPEE',1,1,2),(968,'SQUAT',5,1,2),(969,'PUSHUP',0,1,2),(970,'JUMPINGJACK',1,1,2),(971,'SQUAT',0,1,1),(972,'SQUAT',0,1,1),(973,'SQUAT',7,1,1),(974,'LATERALRAISE',3,1,2),(975,'LUNGE',0,1,2),(976,'BURPEE',0,1,2),(977,'SQUAT',0,1,2),(978,'PUSHUP',0,1,2),(979,'JUMPINGJACK',2,1,2),(980,'SQUAT',0,1,11),(981,'SQUAT',0,1,11),(982,'SQUAT',0,1,1),(983,'SQUAT',4,1,1),(984,'SQUAT',8,1,1),(985,'SQUAT',0,1,11),(986,'SQUAT',0,1,9),(987,'LATERALRAISE',0,1,2),(988,'LUNGE',0,1,2),(989,'BURPEE',0,1,2),(990,'SQUAT',0,1,2),(991,'PUSHUP',1,1,2),(992,'JUMPINGJACK',3,1,2),(993,'LATERALRAISE',3,1,2),(994,'LUNGE',0,1,2),(995,'BURPEE',1,1,2),(996,'SQUAT',0,1,2),(997,'PUSHUP',3,1,2),(998,'JUMPINGJACK',1,1,2),(999,'LATERALRAISE',1,1,2),(1000,'LUNGE',4,1,2),(1001,'BURPEE',5,1,2),(1002,'SQUAT',3,1,2),(1003,'PUSHUP',1,1,2),(1004,'JUMPINGJACK',0,1,2),(1005,'BURPEE',2,1,2),(1006,'SQUAT',0,1,9),(1007,'SQUAT',0,1,2),(1008,'SQUAT',3,2,2),(1009,'LATERALRAISE',6,1,2),(1010,'LUNGE',7,1,2),(1011,'BURPEE',4,1,2),(1012,'SQUAT',0,1,2),(1013,'PUSHUP',0,1,2),(1014,'JUMPINGJACK',4,1,2),(1015,'SQUAT',0,1,9),(1016,'SQUAT',0,1,1),(1017,'SQUAT',2,2,2),(1018,'SQUAT',2,2,2),(1019,'SQUAT',14,2,2),(1020,'SQUAT',0,2,2),(1021,'SQUAT',1,2,2),(1022,'SQUAT',0,2,2),(1023,'SQUAT',0,1,9),(1024,'SQUAT',0,1,9),(1025,'SQUAT',0,1,9),(1026,'SQUAT',0,1,11),(1027,'SQUAT',2,2,2),(1028,'SQUAT',2,2,2),(1029,'LATERALRAISE',5,1,2),(1030,'LUNGE',0,1,2),(1031,'BURPEE',0,1,2),(1032,'SQUAT',0,1,2),(1033,'PUSHUP',0,1,2),(1034,'JUMPINGJACK',4,1,2),(1035,'BURPEE',1,1,8),(1036,'BURPEE',6,1,1),(1037,'BURPEE',0,1,2),(1038,'LUNGE',0,1,9),(1039,'SQUAT',25,1,9),(1040,'JUMPINGJACK',1,1,9),(1041,'LUNGE',65,1,12),(1042,'SQUAT',61,1,12),(1043,'JUMPINGJACK',3,1,12),(1044,'LATERALRAISE',46,1,2),(1045,'LUNGE',0,1,2),(1046,'BURPEE',32,1,2),(1047,'SQUAT',0,1,2),(1048,'JUMPINGJACK',32,1,2),(1049,'LUNGE',30,1,1),(1050,'SQUAT',5,1,1),(1051,'JUMPINGJACK',14,1,1),(1052,'LUNGE',29,1,9),(1053,'SQUAT',23,1,9),(1054,'JUMPINGJACK',19,1,9),(1055,'LUNGE',12,1,12),(1056,'SQUAT',11,1,12),(1057,'JUMPINGJACK',13,1,12),(1058,'LATERALRAISE',2,1,1),(1059,'LUNGE',4,1,1),(1060,'BURPEE',4,1,1),(1061,'SQUAT',9,1,1),(1062,'PUSHUP',6,1,1),(1063,'JUMPINGJACK',20,1,1),(1064,'LATERALRAISE',28,1,9),(1065,'LUNGE',0,1,9),(1066,'BURPEE',14,1,9),(1067,'SQUAT',19,1,9),(1068,'PUSHUP',14,1,9),(1069,'JUMPINGJACK',13,1,9),(1070,'LATERALRAISE',22,1,8),(1071,'LUNGE',0,1,8),(1072,'BURPEE',1,1,8),(1073,'SQUAT',0,1,8),(1074,'PUSHUP',9,1,8),(1075,'JUMPINGJACK',12,1,8),(1076,'LATERALRAISE',17,1,12),(1077,'LUNGE',5,1,12),(1078,'BURPEE',9,1,12),(1079,'SQUAT',14,1,12),(1080,'PUSHUP',12,1,12),(1081,'JUMPINGJACK',6,1,12),(1082,'LATERALRAISE',21,1,9),(1083,'PUSHUP',5,1,9),(1084,'JUMPINGJACK',6,1,9),(1085,'LATERALRAISE',12,1,8),(1086,'PUSHUP',0,1,8),(1087,'JUMPINGJACK',5,1,8),(1088,'LATERALRAISE',5,1,2),(1089,'PUSHUP',1,1,2),(1090,'JUMPINGJACK',6,1,2),(1091,'LATERALRAISE',15,1,12),(1092,'PUSHUP',1,1,12),(1093,'JUMPINGJACK',9,1,12),(1094,'LUNGE',0,1,9),(1095,'BURPEE',0,1,9),(1096,'SQUAT',0,1,9),(1097,'JUMPINGJACK',0,1,9),(1098,'LUNGE',0,1,9),(1099,'BURPEE',0,1,9),(1100,'SQUAT',0,1,9),(1101,'JUMPINGJACK',0,1,9),(1102,'LUNGE',0,1,9),(1103,'BURPEE',0,1,9),(1104,'SQUAT',0,1,9),(1105,'JUMPINGJACK',0,1,9),(1106,'BURPEE',0,3,9),(1107,'SQUAT',0,1,9),(1108,'JUMPINGJACK',0,1,9),(1109,'BURPEE',0,3,9),(1110,'SQUAT',0,1,9),(1111,'JUMPINGJACK',0,1,9),(1112,'BURPEE',0,3,9),(1113,'SQUAT',0,1,9),(1114,'JUMPINGJACK',0,1,9),(1115,'BURPEE',0,3,9),(1116,'SQUAT',0,1,9),(1117,'JUMPINGJACK',0,1,9),(1118,'SQUAT',0,1,9),(1119,'SQUAT',0,1,9),(1120,'LATERALRAISE',0,1,9),(1121,'PUSHUP',0,1,9),(1122,'JUMPINGJACK',0,1,9),(1123,'LATERALRAISE',0,1,9),(1124,'PUSHUP',8,1,9),(1125,'JUMPINGJACK',0,1,9),(1126,'JUMPINGJACK',3,1,1),(1127,'LATERALRAISE',0,2,9),(1128,'PUSHUP',0,2,9),(1129,'LATERALRAISE',0,2,2),(1130,'PUSHUP',0,2,2),(1131,'LATERALRAISE',4,1,2),(1132,'JUMPINGJACK',3,1,2),(1136,'LUNGE',4,2,9),(1137,'BURPEE',3,2,9),(1138,'SQUAT',10,2,9),(1139,'PUSHUP',0,2,9),(1140,'JUMPINGJACK',3,2,9),(1141,'LUNGE',7,2,1),(1142,'BURPEE',7,2,1),(1143,'SQUAT',13,2,1),(1144,'PUSHUP',2,2,1),(1145,'JUMPINGJACK',2,2,1),(1146,'BURPEE',6,1,9),(1147,'SQUAT',8,1,9),(1148,'BURPEE',7,1,1),(1149,'SQUAT',11,1,1),(1150,'BURPEE',5,1,12),(1151,'SQUAT',7,1,12),(1152,'BURPEE',7,1,8),(1153,'SQUAT',1,1,8),(1154,'BURPEE',9,1,1),(1155,'SQUAT',11,1,1),(1156,'BURPEE',9,1,9),(1157,'SQUAT',11,1,9),(1158,'BURPEE',7,1,12),(1159,'SQUAT',12,1,12),(1160,'BURPEE',7,1,8),(1161,'SQUAT',8,1,8);
/*!40000 ALTER TABLE `member_history_detail` ENABLE KEYS */;
UNLOCK TABLES;

--
-- Table structure for table `member_icon`
--

DROP TABLE IF EXISTS `member_icon`;
/*!40101 SET @saved_cs_client     = @@character_set_client */;
/*!50503 SET character_set_client = utf8mb4 */;
CREATE TABLE `member_icon` (
  `member_icon_id` bigint NOT NULL AUTO_INCREMENT,
  `icon_name` varchar(255) DEFAULT NULL,
  `member_id` bigint DEFAULT NULL,
  PRIMARY KEY (`member_icon_id`),
  UNIQUE KEY `unique_idx_member_icon` (`member_id`,`icon_name`),
  CONSTRAINT `FK6b067lygnk2avs3yxd1ae7s8n` FOREIGN KEY (`member_id`) REFERENCES `member` (`member_id`)
) ENGINE=InnoDB DEFAULT CHARSET=utf8mb4 COLLATE=utf8mb4_0900_ai_ci;
/*!40101 SET character_set_client = @saved_cs_client */;

--
-- Dumping data for table `member_icon`
--

LOCK TABLES `member_icon` WRITE;
/*!40000 ALTER TABLE `member_icon` DISABLE KEYS */;
/*!40000 ALTER TABLE `member_icon` ENABLE KEYS */;
UNLOCK TABLES;

--
-- Table structure for table `registration`
--

DROP TABLE IF EXISTS `registration`;
/*!40101 SET @saved_cs_client     = @@character_set_client */;
/*!50503 SET character_set_client = utf8mb4 */;
CREATE TABLE `registration` (
  `registration_id` bigint NOT NULL AUTO_INCREMENT,
  `is_resign` varchar(255) DEFAULT NULL,
  `join_date` datetime(6) DEFAULT NULL,
  `role` varchar(255) DEFAULT NULL,
  `member_id` bigint DEFAULT NULL,
  `team_id` bigint DEFAULT NULL,
  PRIMARY KEY (`registration_id`),
  KEY `member_team_idx` (`member_id`,`team_id`),
  KEY `team_idx` (`team_id`),
  CONSTRAINT `FK7q2knubr8buy5qhm1sam6b1d1` FOREIGN KEY (`member_id`) REFERENCES `member` (`member_id`),
  CONSTRAINT `FKnjhkf57erinxqbgl05cok5ash` FOREIGN KEY (`team_id`) REFERENCES `team` (`team_id`)
) ENGINE=InnoDB AUTO_INCREMENT=88 DEFAULT CHARSET=utf8mb4 COLLATE=utf8mb4_0900_ai_ci;
/*!40101 SET character_set_client = @saved_cs_client */;

--
-- Dumping data for table `registration`
--

LOCK TABLES `registration` WRITE;
/*!40000 ALTER TABLE `registration` DISABLE KEYS */;
INSERT INTO `registration` VALUES (1,NULL,'2022-08-16 11:09:04.392673','LEADER',1,1),(2,NULL,'2022-08-16 11:09:17.447894','LEADER',6,2),(3,NULL,'2022-08-16 11:09:22.392450','LEADER',9,3),(4,NULL,'2022-08-16 11:09:27.476153','LEADER',6,4),(5,NULL,'2022-08-16 11:09:34.899847','LEADER',6,5),(6,NULL,'2022-08-16 11:09:40.163735','LEADER',6,6),(7,NULL,'2022-08-16 11:09:45.783757','LEADER',7,7),(8,NULL,'2022-08-16 11:09:50.741347','LEADER',7,8),(9,NULL,'2022-08-16 11:09:56.448241','LEADER',7,9),(10,NULL,'2022-08-16 11:10:01.840637','LEADER',7,10),(11,NULL,'2022-08-16 11:10:06.692725','LEADER',7,11),(12,NULL,'2022-08-16 11:16:25.241656','FOLLOWER',2,1),(13,NULL,'2022-08-16 11:17:39.971691','FOLLOWER',4,1),(14,NULL,'2022-08-16 11:18:37.923770','FOLLOWER',3,1),(15,NULL,'2022-08-16 11:19:15.327666','FOLLOWER',5,1),(16,NULL,'2022-08-16 13:03:46.453855','LEADER',11,12),(17,'Y','2022-08-16 13:21:40.057107','LEADER',10,13),(18,NULL,'2022-08-16 13:29:20.541084','FOLLOWER',8,3),(19,NULL,'2022-08-16 13:29:28.720894','FOLLOWER',10,3),(20,'Y','2022-08-16 14:12:30.117705','FOLLOWER',10,1),(21,'Y','2022-08-16 14:18:44.463041','FOLLOWER',10,1),(22,NULL,'2022-08-16 14:28:56.810538','LEADER',12,14),(23,'Y','2022-08-16 15:05:08.627570','LEADER',8,15),(24,'Y','2022-08-16 15:06:02.092403','LEADER',8,16),(25,NULL,'2022-08-16 16:16:26.433733','FOLLOWER',9,17),(26,NULL,'2022-08-16 19:18:58.974309','FOLLOWER',13,3),(27,'Y','2022-08-16 20:04:51.516570','FOLLOWER',13,17),(28,NULL,'2022-08-16 21:28:33.632629','LEADER',8,17),(29,'Y','2022-08-17 02:20:37.601629','LEADER',1,18),(30,'Y','2022-08-17 02:46:09.973322','LEADER',2,19),(31,'Y','2022-08-17 03:40:32.382542','LEADER',1,20),(32,'Y','2022-08-17 06:05:55.468577','LEADER',9,21),(33,'Y','2022-08-17 10:57:46.274508','FOLLOWER',9,1),(34,'Y','2022-08-17 10:58:19.948206','FOLLOWER',8,1),(35,'Y','2022-08-17 14:06:42.315052','FOLLOWER',9,20),(36,'Y','2022-08-17 14:16:52.742208','FOLLOWER',5,13),(37,'Y','2022-08-17 14:22:55.414738','FOLLOWER',9,19),(38,'Y','2022-08-17 14:39:29.504685','FOLLOWER',5,13),(39,'Y','2022-08-17 16:39:11.988249','LEADER',17,22),(40,'Y','2022-08-17 17:06:35.995603','LEADER',17,23),(41,'Y','2022-08-17 17:39:10.930099','LEADER',17,24),(42,NULL,'2022-08-18 01:28:12.632244','LEADER',22,25),(43,'Y','2022-08-18 02:02:35.463243','LEADER',1,26),(44,'Y','2022-08-18 02:04:59.453844','LEADER',1,27),(45,'Y','2022-08-18 02:18:27.789158','FOLLOWER',5,17),(46,'Y','2022-08-18 02:18:32.108832','FOLLOWER',1,17),(47,'Y','2022-08-18 02:19:19.366011','FOLLOWER',9,27),(48,'Y','2022-08-18 02:20:43.484558','LEADER',9,28),(49,'Y','2022-08-18 02:25:38.707835','LEADER',10,29),(50,NULL,'2022-08-18 03:03:03.529349','LEADER',1,30),(51,NULL,'2022-08-18 03:07:29.376063','FOLLOWER',2,30),(52,'Y','2022-08-18 05:26:32.789961','LEADER',17,31),(53,'Y','2022-08-18 09:35:04.077769','FOLLOWER',10,19),(54,'Y','2022-08-18 15:11:14.729802','LEADER',10,32),(55,'Y','2022-08-18 15:19:51.756859','LEADER',2,33),(56,NULL,'2022-08-18 15:28:56.087172','LEADER',3,34),(57,NULL,'2022-08-18 15:37:22.837573','FOLLOWER',23,1),(58,'Y','2022-08-18 17:25:12.411753','FOLLOWER',2,3),(59,NULL,'2022-08-18 17:43:24.596860','LEADER',9,35),(60,'Y','2022-08-18 17:43:58.965147','FOLLOWER',1,35),(61,NULL,'2022-08-18 21:15:23.905029','FOLLOWER',8,30),(62,NULL,'2022-08-18 21:16:20.793974','FOLLOWER',9,30),(63,'Y','2022-08-18 21:17:32.616865','FOLLOWER',1,35),(64,NULL,'2022-08-18 21:21:26.614727','FOLLOWER',10,30),(65,'Y','2022-08-18 21:31:45.654365','FOLLOWER',10,35),(66,'Y','2022-08-18 21:44:22.436278','FOLLOWER',2,35),(67,NULL,'2022-08-18 22:03:54.115855','LEADER',8,36),(68,'Y','2022-08-18 22:08:29.630471','FOLLOWER',1,36),(69,NULL,'2022-08-18 22:08:39.592682','FOLLOWER',10,36),(70,NULL,'2022-08-18 22:09:03.384534','FOLLOWER',2,36),(71,'Y','2022-08-18 22:10:17.704007','FOLLOWER',9,36),(72,NULL,'2022-08-18 22:10:45.592895','FOLLOWER',1,36),(73,'Y','2022-08-18 22:11:49.359436','FOLLOWER',9,36),(74,'Y','2022-08-18 23:04:29.144321','LEADER',10,37),(75,'Y','2022-08-18 23:14:51.407033','FOLLOWER',10,35),(76,NULL,'2022-08-19 00:24:53.843333','LEADER',2,38),(77,'Y','2022-08-19 00:45:53.419464','LEADER',1,39),(78,'Y','2022-08-19 01:08:05.783269','LEADER',10,40),(79,NULL,'2022-08-19 01:23:34.613444','FOLLOWER',8,38),(80,'Y','2022-08-19 01:24:06.956179','FOLLOWER',9,38),(81,NULL,'2022-08-19 01:24:13.150388','FOLLOWER',10,38),(82,'Y','2022-08-19 05:55:18.896598','LEADER',27,41),(83,'Y','2022-08-19 06:11:58.538007','FOLLOWER',28,41),(84,'Y','2022-08-19 06:44:48.850458','LEADER',27,42),(85,NULL,'2022-08-19 06:45:13.628697','LEADER',27,43),(86,NULL,'2022-08-19 08:47:31.907050','LEADER',26,44),(87,NULL,'2022-08-19 10:25:19.664037','FOLLOWER',9,36);
/*!40000 ALTER TABLE `registration` ENABLE KEYS */;
UNLOCK TABLES;

--
-- Table structure for table `room`
--

DROP TABLE IF EXISTS `room`;
/*!40101 SET @saved_cs_client     = @@character_set_client */;
/*!50503 SET character_set_client = utf8mb4 */;
CREATE TABLE `room` (
  `room_id` bigint NOT NULL AUTO_INCREMENT,
  `creator` varchar(255) NOT NULL,
  `mode` varchar(255) DEFAULT NULL,
  `room_name` varchar(255) NOT NULL,
  `status` varchar(255) DEFAULT NULL,
  `routine_id` bigint DEFAULT NULL,
  PRIMARY KEY (`room_id`),
  KEY `FKlfq9i7rjsywpaw48m93b33p9y` (`routine_id`),
  CONSTRAINT `FKlfq9i7rjsywpaw48m93b33p9y` FOREIGN KEY (`routine_id`) REFERENCES `routine` (`routine_id`)
) ENGINE=InnoDB AUTO_INCREMENT=284 DEFAULT CHARSET=utf8mb4 COLLATE=utf8mb4_0900_ai_ci;
/*!40101 SET character_set_client = @saved_cs_client */;

--
-- Dumping data for table `room`
--

LOCK TABLES `room` WRITE;
/*!40000 ALTER TABLE `room` DISABLE KEYS */;
/*!40000 ALTER TABLE `room` ENABLE KEYS */;
UNLOCK TABLES;

--
-- Table structure for table `room_participant`
--

DROP TABLE IF EXISTS `room_participant`;
/*!40101 SET @saved_cs_client     = @@character_set_client */;
/*!50503 SET character_set_client = utf8mb4 */;
CREATE TABLE `room_participant` (
  `room_participant_id` bigint NOT NULL AUTO_INCREMENT,
  `member_nickname` varchar(255) NOT NULL,
  `room_id` bigint DEFAULT NULL,
  PRIMARY KEY (`room_participant_id`),
  KEY `FKsgidnkijk0w9ew7pggslt60ad` (`room_id`),
  CONSTRAINT `FKsgidnkijk0w9ew7pggslt60ad` FOREIGN KEY (`room_id`) REFERENCES `room` (`room_id`)
) ENGINE=InnoDB AUTO_INCREMENT=415 DEFAULT CHARSET=utf8mb4 COLLATE=utf8mb4_0900_ai_ci;
/*!40101 SET character_set_client = @saved_cs_client */;

--
-- Dumping data for table `room_participant`
--

LOCK TABLES `room_participant` WRITE;
/*!40000 ALTER TABLE `room_participant` DISABLE KEYS */;
/*!40000 ALTER TABLE `room_participant` ENABLE KEYS */;
UNLOCK TABLES;

--
-- Table structure for table `routine`
--

DROP TABLE IF EXISTS `routine`;
/*!40101 SET @saved_cs_client     = @@character_set_client */;
/*!50503 SET character_set_client = utf8mb4 */;
CREATE TABLE `routine` (
  `routine_id` bigint NOT NULL AUTO_INCREMENT,
  `break_time` int NOT NULL,
  `routine_name` varchar(255) NOT NULL,
  `total_time` int NOT NULL,
  `update_date` datetime(6) DEFAULT NULL,
  `team_id` bigint DEFAULT NULL,
  PRIMARY KEY (`routine_id`),
  KEY `FKfkhm8bo0sxfqk9qymc67k9j5o` (`team_id`),
  CONSTRAINT `FKfkhm8bo0sxfqk9qymc67k9j5o` FOREIGN KEY (`team_id`) REFERENCES `team` (`team_id`)
) ENGINE=InnoDB AUTO_INCREMENT=62 DEFAULT CHARSET=utf8mb4 COLLATE=utf8mb4_0900_ai_ci;
/*!40101 SET character_set_client = @saved_cs_client */;

--
-- Dumping data for table `routine`
--

LOCK TABLES `routine` WRITE;
/*!40000 ALTER TABLE `routine` DISABLE KEYS */;
INSERT INTO `routine` VALUES (1,30,'쉬운 운동',150,'2022-08-16 11:11:19.703632',1),(2,45,'보통 운동',165,'2022-08-16 11:11:25.742570',1),(3,60,'어려운 운동',180,'2022-08-16 11:11:30.562921',1),(4,15,'지옥루틴',315,'2022-08-16 13:04:11.903178',12),(5,15,'팔키우기',615,'2022-08-16 14:29:13.020891',14),(9,15,'기본루틴',195,'2022-08-17 03:18:33.740711',16),(10,30,'하체 공략',210,'2022-08-17 03:38:42.419036',19),(15,15,'루틴 만들기',255,'2022-08-17 11:03:21.285461',17),(16,15,'aa',195,'2022-08-17 13:36:28.972874',13),(17,30,'ㄹㄹ',330,'2022-08-18 02:02:54.637140',3),(18,30,'죽어라',270,'2022-08-18 01:32:51.125815',25),(19,15,'루팅',75,'2022-08-18 01:35:43.564675',20),(20,15,'와랄라',75,'2022-08-18 03:00:45.888263',20),(23,15,'이두삼두운동',195,'2022-08-18 09:50:05.892942',19),(24,15,'h',75,'2022-08-18 10:02:50.599973',29),(25,15,'ㅎㅎ',75,'2022-08-18 10:34:53.735851',17),(26,15,'찍먹',315,'2022-08-18 11:42:12.764166',19),(27,15,'test',75,'2022-08-18 14:35:44.098864',3),(29,15,'운동이 제일 쉬웠어요',315,'2022-08-18 14:51:44.085027',16),(31,15,'집중 짱이네요',435,'2022-08-18 14:51:35.535796',16),(32,15,'test',75,'2022-08-18 21:43:12.057690',19),(36,45,'빠빠빠 빨간 맛',345,'2022-08-18 14:58:51.751389',16),(37,15,'기본운동',135,'2022-08-18 15:29:25.812646',34),(38,15,'운동 체험',375,'2022-08-18 15:38:13.217521',33),(39,15,'t',75,'2022-08-18 17:09:31.832333',33),(40,15,'22',135,'2022-08-18 17:31:03.018494',33),(44,15,'가보자고',75,'2022-08-18 22:05:18.397166',36),(45,15,'이걸로 간다',195,'2022-08-18 22:12:43.838698',36),(46,15,'test',255,'2022-08-18 23:21:57.495288',3),(48,30,'상체 운동',270,'2022-08-19 00:25:23.586125',38),(49,45,'하체 운동',345,'2022-08-19 00:26:23.112516',38),(50,15,'우리팀의 루틴~',615,'2022-08-19 00:26:41.156596',36),(51,15,'123',75,'2022-08-19 01:21:26.459253',39),(52,15,'test',135,'2022-08-19 03:52:45.584209',35),(53,15,'팔운동',135,'2022-08-19 04:26:49.506445',38),(55,30,'신규루틴',210,'2022-08-19 06:02:12.358182',41),(56,15,'신규루틴',195,'2022-08-19 06:45:41.026109',43),(57,15,'점심먹고운동',135,'2022-08-19 10:22:15.211119',30),(58,15,'아침먹고운동',135,'2022-08-19 10:22:39.053954',30),(59,15,'저녁먹고운동',135,'2022-08-19 10:22:49.262575',30),(60,15,'하체세트',195,'2022-08-19 10:23:00.685915',30),(61,15,'점심먹고땡',135,'2022-08-19 10:37:13.150190',36);
/*!40000 ALTER TABLE `routine` ENABLE KEYS */;
UNLOCK TABLES;

--
-- Table structure for table `routine_detail`
--

DROP TABLE IF EXISTS `routine_detail`;
/*!40101 SET @saved_cs_client     = @@character_set_client */;
/*!50503 SET character_set_client = utf8mb4 */;
CREATE TABLE `routine_detail` (
  `routine_detail_id` bigint NOT NULL AUTO_INCREMENT,
  `exercise_count` int NOT NULL,
  `exercise_order` int NOT NULL,
  `routine_detail_name` varchar(255) NOT NULL,
  `routine_id` bigint DEFAULT NULL,
  PRIMARY KEY (`routine_detail_id`),
  KEY `FKa2kbbonebt9sasihoy5fiqxy0` (`routine_id`),
  CONSTRAINT `FKa2kbbonebt9sasihoy5fiqxy0` FOREIGN KEY (`routine_id`) REFERENCES `routine` (`routine_id`)
) ENGINE=InnoDB AUTO_INCREMENT=224 DEFAULT CHARSET=utf8mb4 COLLATE=utf8mb4_0900_ai_ci;
/*!40101 SET character_set_client = @saved_cs_client */;

--
-- Dumping data for table `routine_detail`
--

LOCK TABLES `routine_detail` WRITE;
/*!40000 ALTER TABLE `routine_detail` DISABLE KEYS */;
INSERT INTO `routine_detail` VALUES (1,15,1,'JUMPINGJACK',1),(2,15,2,'LATERALRAISE',1),(3,10,1,'SQUAT',2),(4,10,2,'LUNGE',2),(5,10,1,'BURPEE',3),(6,5,2,'PUSHUP',3),(7,10,1,'JUMPINGJACK',4),(8,10,2,'SQUAT',4),(9,10,3,'BURPEE',4),(10,10,4,'PUSHUP',4),(11,10,5,'LATERALRAISE',4),(12,10,1,'JUMPINGJACK',5),(13,10,2,'SQUAT',5),(14,10,3,'BURPEE',5),(15,10,4,'PUSHUP',5),(16,10,5,'PUSHUP',5),(17,10,6,'PUSHUP',5),(18,10,7,'PUSHUP',5),(19,10,8,'PUSHUP',5),(20,10,9,'PUSHUP',5),(21,10,10,'PUSHUP',5),(37,10,1,'LUNGE',9),(38,10,2,'SQUAT',9),(39,10,3,'JUMPINGJACK',9),(40,10,1,'SQUAT',10),(41,10,2,'BURPEE',10),(42,10,3,'LUNGE',10),(53,10,1,'BURPEE',15),(54,10,2,'BURPEE',15),(55,10,3,'BURPEE',15),(56,20,4,'BURPEE',15),(57,10,1,'LUNGE',16),(58,10,2,'JUMPINGJACK',16),(59,10,3,'JUMPINGJACK',16),(66,10,1,'BURPEE',18),(67,10,2,'JUMPINGJACK',18),(68,10,3,'LUNGE',18),(69,10,4,'LATERALRAISE',18),(70,10,1,'SQUAT',19),(71,10,1,'JUMPINGJACK',17),(72,10,2,'SQUAT',17),(73,10,3,'BURPEE',17),(74,25,4,'BURPEE',17),(75,10,5,'BURPEE',17),(76,10,1,'SQUAT',20),(79,5,1,'LATERALRAISE',23),(80,5,2,'LATERALRAISE',23),(81,5,3,'LATERALRAISE',23),(82,10,1,'JUMPINGJACK',24),(83,10,1,'SQUAT',25),(84,10,1,'LUNGE',26),(85,10,2,'JUMPINGJACK',26),(86,10,3,'SQUAT',26),(87,10,4,'BURPEE',26),(88,10,5,'LATERALRAISE',26),(89,10,1,'SQUAT',27),(122,10,1,'BURPEE',31),(123,10,2,'BURPEE',31),(124,10,3,'BURPEE',31),(125,10,4,'BURPEE',31),(126,10,5,'PUSHUP',31),(127,10,6,'PUSHUP',31),(128,10,7,'PUSHUP',31),(129,10,1,'LUNGE',29),(130,25,2,'JUMPINGJACK',29),(131,25,3,'JUMPINGJACK',29),(132,25,4,'JUMPINGJACK',29),(133,10,5,'JUMPINGJACK',29),(142,10,1,'LUNGE',36),(143,10,2,'JUMPINGJACK',36),(144,10,3,'SQUAT',36),(145,20,4,'BURPEE',36),(146,15,5,'PUSHUP',36),(147,10,1,'LUNGE',37),(148,10,2,'SQUAT',37),(149,10,1,'LUNGE',38),(150,10,2,'JUMPINGJACK',38),(151,10,3,'SQUAT',38),(152,10,4,'BURPEE',38),(153,10,5,'PUSHUP',38),(154,10,6,'LATERALRAISE',38),(155,10,1,'BURPEE',39),(156,10,1,'SQUAT',40),(157,10,2,'SQUAT',40),(168,10,1,'SQUAT',32),(169,10,1,'SQUAT',44),(170,10,1,'LATERALRAISE',45),(171,10,2,'JUMPINGJACK',45),(172,10,3,'PUSHUP',45),(173,10,1,'LUNGE',46),(174,10,2,'JUMPINGJACK',46),(175,10,3,'SQUAT',46),(176,10,4,'BURPEE',46),(180,15,1,'PUSHUP',48),(181,20,2,'LATERALRAISE',48),(182,15,3,'PUSHUP',48),(183,20,4,'LATERALRAISE',48),(184,15,1,'LUNGE',49),(185,10,2,'SQUAT',49),(186,5,3,'BURPEE',49),(187,10,4,'SQUAT',49),(188,15,5,'LUNGE',49),(189,25,1,'LUNGE',50),(190,20,2,'JUMPINGJACK',50),(191,25,3,'SQUAT',50),(192,20,4,'BURPEE',50),(193,5,5,'PUSHUP',50),(194,10,6,'SQUAT',50),(195,10,7,'JUMPINGJACK',50),(196,10,8,'LUNGE',50),(197,10,9,'BURPEE',50),(198,10,10,'PUSHUP',50),(199,10,1,'JUMPINGJACK',51),(200,10,1,'LUNGE',52),(201,10,2,'JUMPINGJACK',52),(202,10,1,'JUMPINGJACK',53),(203,10,2,'LATERALRAISE',53),(207,10,1,'LUNGE',55),(208,10,2,'JUMPINGJACK',55),(209,10,3,'SQUAT',55),(210,10,1,'LUNGE',56),(211,10,2,'JUMPINGJACK',56),(212,10,3,'SQUAT',56),(213,10,1,'JUMPINGJACK',57),(214,10,2,'SQUAT',57),(215,10,1,'BURPEE',58),(216,10,2,'LUNGE',58),(217,10,1,'SQUAT',59),(218,10,2,'LATERALRAISE',59),(219,10,1,'LUNGE',60),(220,10,2,'SQUAT',60),(221,10,3,'BURPEE',60),(222,10,1,'SQUAT',61),(223,10,2,'BURPEE',61);
/*!40000 ALTER TABLE `routine_detail` ENABLE KEYS */;
UNLOCK TABLES;

--
-- Table structure for table `team`
--

DROP TABLE IF EXISTS `team`;
/*!40101 SET @saved_cs_client     = @@character_set_client */;
/*!50503 SET character_set_client = utf8mb4 */;
CREATE TABLE `team` (
  `team_id` bigint NOT NULL AUTO_INCREMENT,
  `content` varchar(255) DEFAULT NULL,
  `create_date` datetime(6) DEFAULT NULL,
  `invite_link` varbinary(255) DEFAULT NULL,
  `is_deleted` varchar(255) DEFAULT NULL,
  `name` varchar(255) DEFAULT NULL,
  `rep_icon` varchar(255) NOT NULL,
  `shield_count` int DEFAULT NULL,
  `room_id` bigint DEFAULT NULL,
  `team_history_id` bigint DEFAULT NULL,
  PRIMARY KEY (`team_id`),
  UNIQUE KEY `UK_hd3jja1yvmv736qujftrfv6wt` (`invite_link`),
  KEY `link_idx` (`invite_link`),
  KEY `FKl5skqnmx0yrln8d706uhf1hg4` (`room_id`),
  KEY `FKdarkbqhyevhw1ajl74s2elsf5` (`team_history_id`),
  CONSTRAINT `FKdarkbqhyevhw1ajl74s2elsf5` FOREIGN KEY (`team_history_id`) REFERENCES `team_history` (`team_history_id`),
  CONSTRAINT `FKl5skqnmx0yrln8d706uhf1hg4` FOREIGN KEY (`room_id`) REFERENCES `room` (`room_id`)
) ENGINE=InnoDB AUTO_INCREMENT=45 DEFAULT CHARSET=utf8mb4 COLLATE=utf8mb4_0900_ai_ci;
/*!40101 SET character_set_client = @saved_cs_client */;

--
-- Dumping data for table `team`
--

LOCK TABLES `team` WRITE;
/*!40000 ALTER TABLE `team` DISABLE KEYS */;
INSERT INTO `team` VALUES (1,'작심삼일을 이겨내기 위한 운동 그룹 입니다.','2022-08-16 11:09:04.362053',_binary '5Aa',NULL,'작심삼일','groupMaxStreak21Days',0,NULL,1),(2,'작심삼일을 넘어 작심백일을 넘기 위한 운동 그룹','2022-08-16 11:09:17.446153',_binary '6Aa',NULL,'작심백일','groupMaxStreak66Days',0,NULL,2),(3,'수정되니','2022-08-16 11:09:22.390519',_binary '7Aa',NULL,'헬창들','groupMaxExerciseTime10000',0,NULL,3),(4,'하루에 1분씩 100일을 운동하면 100분','2022-08-16 11:09:27.474486',_binary '8Aa',NULL,'하루에일분','groupMaxStreak7Days',0,NULL,4),(5,'집에서는 우리도 헬창','2022-08-16 11:09:34.898069',_binary '9Aa',NULL,'예비헬창정모','groupMaxStreak3Days',0,NULL,5),(6,'요요는 다시 돌아온다.','2022-08-16 11:09:40.161744',_binary 'ABa',NULL,'YOYO','groupMaxExerciseTime10',0,NULL,6),(7,'한번뿐인 인생 운동으로 건강하게','2022-08-16 11:09:45.781887',_binary 'BBa',NULL,'YOLO','groupMaxStreak21Days',0,NULL,7),(8,'하체운동을 사랑하는 모임','2022-08-16 11:09:50.739301',_binary 'CBa',NULL,'깡총','groupShieldFirstUse',0,NULL,8),(9,'스터디 그룹이라 공부도 하지만 운동도 합니다.','2022-08-16 11:09:56.446646',_binary 'DBa',NULL,'한울','groupMaxExerciseTime10',0,NULL,9),(10,'운동초보지만 마음은 운동고수','2022-08-16 11:10:01.838939',_binary 'EBa',NULL,'운동초보','groupMaxStreak3Days',0,NULL,10),(11,'서울에서 제일 멋진 서울 8반 운동도 화이팅','2022-08-16 11:10:06.690888',_binary 'FBa',NULL,'서울8반','groupMaxStreak7Days',0,NULL,11),(12,'헬스장 가기는 귄찮고 방에서 열심히 운동하실분','2022-08-16 13:03:46.452455',_binary 'GBa',NULL,'7기 방콕헬스','basic',0,NULL,12),(13,'dsfdsf','2022-08-16 13:21:40.056059',_binary 'HBa','Y','d','person2',0,NULL,13),(14,'운동','2022-08-16 14:28:56.804768',_binary 'IBa',NULL,'저랑 운동하실분?','basic',0,NULL,14),(15,'무슨 그룹일까요','2022-08-16 15:05:08.626272',_binary 'JBa','Y','이야호','basic',0,NULL,15),(16,'이름뭐가좋을까','2022-08-16 15:06:02.091176',_binary 'KBa','Y','그룹이름길게가자','basic',0,NULL,16),(17,'ㅠㅠ','2022-08-16 16:16:26.431285',_binary 'LBa',NULL,'다시다시','person2',0,NULL,17),(18,'그룹','2022-08-17 02:20:37.591438',_binary 'MBa','Y','그룹','basic',0,NULL,NULL),(19,'개인 운동 그룹','2022-08-17 02:46:09.972078',_binary 'NBa','Y','개인 운동','basic',0,NULL,18),(20,'나두볼래','2022-08-17 03:40:32.381436',_binary 'OBa','Y','운동방볼래','basic',0,NULL,19),(21,'운동방 나만 할거야 ','2022-08-17 06:05:55.467477',_binary 'PBa','Y','내전용','person4',0,NULL,20),(22,'이렇게 만들면 됩니다.','2022-08-17 16:39:11.962361',_binary 'QBa','Y','그룹을 만들어요','basic',0,NULL,NULL),(23,'만들어봅시다.','2022-08-17 17:06:35.994112',_binary 'RBa','Y','그룹을','basic',0,NULL,NULL),(24,'가자\n','2022-08-17 17:39:10.903899',_binary 'SBa','Y','그룹만들자','basic',0,NULL,NULL),(25,'그룹 설명 그룹 설명 그룹 설명 그룹 설명 그룹 설명 그룹 설명 그룹 설명 그룹 설명 그룹 설명 그룹 설명 그룹 설명 그룹 설명 그룹 설명 그룹 설명 그룹 설명 그룹 설명 그룹 설명 그룹 설명 ','2022-08-18 01:28:12.610780',_binary 'TBa',NULL,'miri 운동','basic',0,NULL,25),(26,'123','2022-08-18 02:02:35.462099',_binary 'UBa','Y','123','basic',0,NULL,NULL),(27,'다행이다','2022-08-18 02:04:59.452840',_binary 'VBa','Y','다행','basic',0,NULL,NULL),(28,'f','2022-08-18 02:20:43.478433',_binary 'WBa','Y','sf','basic',0,NULL,NULL),(29,'q','2022-08-18 02:25:38.706297',_binary 'XBa','Y','sss','person4',0,NULL,NULL),(30,'5늘운동','2022-08-18 03:03:03.528134',_binary 'YBa',NULL,'5늘운동','person4',0,NULL,21),(31,'다 같이 하면 더 재밌다','2022-08-18 05:26:32.763283',_binary 'ZBa','Y','운동하자','basic',0,NULL,NULL),(32,'제발ㅇ','2022-08-18 15:11:14.721694',_binary 'aBa','Y','뉴그룹ㅈ','basic',0,NULL,NULL),(33,'우리가 진짜','2022-08-18 15:19:51.728608',_binary 'bBa','Y','진짜그룹','basic',0,NULL,22),(34,'무한으로 운동하기','2022-08-18 15:28:56.085658',_binary 'cBa',NULL,'무한동력','basic',0,NULL,26),(35,'ee','2022-08-18 17:43:24.590930',_binary 'dBa',NULL,'newqqqqq','basic',0,NULL,23),(36,'아자아자 화이팅','2022-08-18 22:03:54.114908',_binary 'eBa',NULL,'운동 재밌다','basic',0,NULL,24),(37,'ㄴ','2022-08-18 23:04:29.143319',_binary 'fBa','Y','ㅁ','basic',0,NULL,NULL),(38,'운동의 정석','2022-08-19 00:24:53.842351',_binary 'gBa',NULL,'운동의 정석','basic',0,NULL,28),(39,'ㅋㅋ','2022-08-19 00:45:53.381603',_binary 'hBa','Y','비밀방','basic',0,NULL,27),(40,'ㅇ','2022-08-19 01:08:05.781816',_binary 'iBa','Y','ㄴ','basic',0,NULL,NULL),(41,'안녕하세요^^','2022-08-19 05:55:18.888111',_binary 'jBa','Y','신규그룹','basic',0,NULL,29),(42,'안녕하세요^^','2022-08-19 06:44:48.808191',_binary 'kBa','Y','신규그룹','basic',0,NULL,NULL),(43,'안녕하세요^^','2022-08-19 06:45:13.626856',_binary 'lBa',NULL,'신규그룹','basic',0,NULL,NULL),(44,'2','2022-08-19 08:47:31.905538',_binary 'mBa',NULL,'1','person4',0,NULL,NULL);
/*!40000 ALTER TABLE `team` ENABLE KEYS */;
UNLOCK TABLES;

--
-- Table structure for table `team_calendar`
--

DROP TABLE IF EXISTS `team_calendar`;
/*!40101 SET @saved_cs_client     = @@character_set_client */;
/*!50503 SET character_set_client = utf8mb4 */;
CREATE TABLE `team_calendar` (
  `team_calendar_id` bigint NOT NULL,
  `check_date` date DEFAULT NULL,
  `state` varchar(255) DEFAULT NULL,
  `team_id` bigint DEFAULT NULL,
  PRIMARY KEY (`team_calendar_id`),
  KEY `FKmnu64wa6p0m0s4e4uudbhmf9c` (`team_id`),
  CONSTRAINT `FKmnu64wa6p0m0s4e4uudbhmf9c` FOREIGN KEY (`team_id`) REFERENCES `team` (`team_id`)
) ENGINE=InnoDB DEFAULT CHARSET=utf8mb4 COLLATE=utf8mb4_0900_ai_ci;
/*!40101 SET character_set_client = @saved_cs_client */;

--
-- Dumping data for table `team_calendar`
--

LOCK TABLES `team_calendar` WRITE;
/*!40000 ALTER TABLE `team_calendar` DISABLE KEYS */;
INSERT INTO `team_calendar` VALUES (1,'2022-06-03','SUCCESS',1),(2,'2022-06-04','SUCCESS',1),(3,'2022-06-05','SUCCESS',1),(4,'2022-06-06','SUCCESS',1),(5,'2022-06-07','SUCCESS',1),(6,'2022-06-08','SUCCESS',1),(7,'2022-06-09','SUCCESS',1),(8,'2022-06-10','SUCCESS',1),(9,'2022-06-11','SUCCESS',1),(10,'2022-06-12','SUCCESS',1),(11,'2022-06-13','SUCCESS',1),(12,'2022-06-14','SUCCESS',1),(13,'2022-06-15','SUCCESS',1),(14,'2022-06-16','SUCCESS',1),(15,'2022-06-17','SUCCESS',1),(16,'2022-06-18','SUCCESS',1),(17,'2022-06-19','SUCCESS',1),(18,'2022-06-20','SUCCESS',1),(19,'2022-06-21','SUCCESS',1),(20,'2022-06-22','SUCCESS',1),(21,'2022-06-23','SUCCESS',1),(22,'2022-06-24','SUCCESS',1),(23,'2022-06-25','SUCCESS',1),(24,'2022-06-26','SUCCESS',1),(25,'2022-06-27','SUCCESS',1),(26,'2022-06-28','SUCCESS',1),(27,'2022-06-29','SUCCESS',1),(28,'2022-06-30','SHIELD',1),(29,'2022-07-01','SUCCESS',1),(30,'2022-07-02','SUCCESS',1),(31,'2022-07-03','SUCCESS',1),(32,'2022-07-04','SUCCESS',1),(33,'2022-07-05','SUCCESS',1),(34,'2022-07-06','SUCCESS',1),(35,'2022-07-07','SUCCESS',1),(36,'2022-07-08','SUCCESS',1),(37,'2022-07-09','SUCCESS',1),(38,'2022-07-10','SUCCESS',1),(39,'2022-07-11','SUCCESS',1),(40,'2022-07-12','SUCCESS',1),(41,'2022-07-13','SUCCESS',1),(42,'2022-07-14','SUCCESS',1),(43,'2022-07-15','SUCCESS',1),(44,'2022-07-16','SUCCESS',1),(45,'2022-07-17','SUCCESS',1),(46,'2022-07-18','SUCCESS',1),(47,'2022-07-19','SUCCESS',1),(48,'2022-07-20','SUCCESS',1),(49,'2022-07-21','SUCCESS',1),(50,'2022-07-22','SUCCESS',1),(51,'2022-07-23','SUCCESS',1),(52,'2022-07-24','SHIELD',1),(53,'2022-07-25','SUCCESS',1),(54,'2022-07-26','SUCCESS',1),(55,'2022-07-27','SUCCESS',1),(56,'2022-07-28','SUCCESS',1),(57,'2022-07-29','SUCCESS',1),(58,'2022-07-30','SUCCESS',1),(59,'2022-07-31','SUCCESS',1),(60,'2022-08-01','SUCCESS',1),(61,'2022-08-02','SUCCESS',1),(62,'2022-08-03','SUCCESS',1),(63,'2022-08-04','SUCCESS',1),(64,'2022-08-05','SUCCESS',1),(65,'2022-08-06','SUCCESS',1),(66,'2022-08-07','SUCCESS',1),(67,'2022-08-08','SUCCESS',1),(68,'2022-08-09','SUCCESS',1),(69,'2022-08-10','SUCCESS',1),(70,'2022-08-11','SUCCESS',1),(71,'2022-08-12','SUCCESS',1),(72,'2022-08-13','SHIELD',1),(73,'2022-08-14','SUCCESS',1),(74,'2022-08-15','SUCCESS',1),(381,'2022-08-16','SUCCESS',1),(389,'2022-08-17','SUCCESS',1),(390,'2022-08-17','SUCCESS',16),(397,'2022-08-18','SHIELD',1),(398,'2022-08-18','SUCCESS',17),(399,'2022-08-18','SUCCESS',30),(400,'2022-08-18','SUCCESS',35);
/*!40000 ALTER TABLE `team_calendar` ENABLE KEYS */;
UNLOCK TABLES;

--
-- Table structure for table `team_history`
--

DROP TABLE IF EXISTS `team_history`;
/*!40101 SET @saved_cs_client     = @@character_set_client */;
/*!50503 SET character_set_client = utf8mb4 */;
CREATE TABLE `team_history` (
  `team_history_id` bigint NOT NULL AUTO_INCREMENT,
  `current_strick` int DEFAULT NULL,
  `hall_of_fame_date` date DEFAULT NULL,
  `maximum_strick` int DEFAULT NULL,
  PRIMARY KEY (`team_history_id`)
) ENGINE=InnoDB AUTO_INCREMENT=30 DEFAULT CHARSET=utf8mb4 COLLATE=utf8mb4_0900_ai_ci;
/*!40101 SET character_set_client = @saved_cs_client */;

--
-- Dumping data for table `team_history`
--

LOCK TABLES `team_history` WRITE;
/*!40000 ALTER TABLE `team_history` DISABLE KEYS */;
INSERT INTO `team_history` VALUES (1,77,'2022-08-07',77),(2,0,'2022-06-23',100),(3,0,NULL,50),(4,0,'2022-08-11',70),(5,0,NULL,13),(6,0,NULL,22),(7,0,'2022-08-15',66),(8,0,NULL,32),(9,0,'2022-08-12',69),(10,0,NULL,24),(11,0,NULL,30),(12,0,NULL,0),(13,0,NULL,0),(14,0,NULL,0),(15,0,NULL,0),(16,0,NULL,1),(17,1,NULL,1),(18,0,NULL,0),(19,0,NULL,0),(20,0,NULL,0),(21,1,NULL,1),(22,0,NULL,0),(23,1,NULL,1),(24,0,NULL,0),(25,0,NULL,0),(26,0,NULL,0),(27,0,NULL,0),(28,0,NULL,0),(29,0,NULL,0);
/*!40000 ALTER TABLE `team_history` ENABLE KEYS */;
UNLOCK TABLES;

--
-- Table structure for table `team_history_detail`
--

DROP TABLE IF EXISTS `team_history_detail`;
/*!40101 SET @saved_cs_client     = @@character_set_client */;
/*!50503 SET character_set_client = utf8mb4 */;
CREATE TABLE `team_history_detail` (
  `team_history_detail_id` bigint NOT NULL AUTO_INCREMENT,
  `exercise_name` varchar(255) DEFAULT NULL,
  `exercise_num` int DEFAULT NULL,
  `exercise_time` int DEFAULT NULL,
  `team_history_id` bigint DEFAULT NULL,
  PRIMARY KEY (`team_history_detail_id`),
  KEY `FKkwsc95qj92g2yia2ly0wskhxy` (`team_history_id`),
  CONSTRAINT `FKkwsc95qj92g2yia2ly0wskhxy` FOREIGN KEY (`team_history_id`) REFERENCES `team_history` (`team_history_id`)
) ENGINE=InnoDB AUTO_INCREMENT=383 DEFAULT CHARSET=utf8mb4 COLLATE=utf8mb4_0900_ai_ci;
/*!40101 SET character_set_client = @saved_cs_client */;

--
-- Dumping data for table `team_history_detail`
--

LOCK TABLES `team_history_detail` WRITE;
/*!40000 ALTER TABLE `team_history_detail` DISABLE KEYS */;
INSERT INTO `team_history_detail` VALUES (1,'LATERALRAISE',70,5,1),(2,'JUMPINGJACK',75,5,1),(3,'SQUAT',65,5,1),(4,'PUSHUP',70,5,1),(5,'SQUAT',65,5,1),(6,'PUSHUP',70,5,1),(7,'BURPEE',53,5,1),(8,'PUSHUP',28,5,1),(9,'BURPEE',56,5,1),(10,'PUSHUP',29,5,1),(11,'SQUAT',67,5,1),(12,'PUSHUP',59,5,1),(13,'LATERALRAISE',72,5,1),(14,'JUMPINGJACK',77,5,1),(15,'LUNGE',70,5,1),(16,'SQUAT',65,5,1),(17,'LATERALRAISE',70,5,1),(18,'JUMPINGJACK',75,5,1),(19,'BURPEE',53,5,1),(20,'PUSHUP',28,5,1),(21,'LUNGE',70,5,1),(22,'SQUAT',65,5,1),(23,'LATERALRAISE',70,5,1),(24,'JUMPINGJACK',75,5,1),(25,'BURPEE',56,5,1),(26,'PUSHUP',31,5,1),(27,'LATERALRAISE',82,5,1),(28,'JUMPINGJACK',77,5,1),(29,'LUNGE',70,5,1),(30,'SQUAT',65,5,1),(31,'BURPEE',53,5,1),(32,'PUSHUP',28,5,1),(33,'LUNGE',70,5,1),(34,'SQUAT',65,5,1),(35,'BURPEE',53,5,1),(36,'PUSHUP',28,5,1),(37,'LATERALRAISE',70,5,1),(38,'JUMPINGJACK',75,5,1),(39,'LUNGE',70,5,1),(40,'SQUAT',65,5,1),(41,'BURPEE',53,5,1),(42,'PUSHUP',28,5,1),(43,'LUNGE',70,5,1),(44,'SQUAT',65,5,1),(45,'BURPEE',53,5,1),(46,'PUSHUP',28,5,1),(47,'LATERALRAISE',70,5,1),(48,'LUNGE',75,5,1),(49,'SQUAT',50,5,1),(50,'JUMPINGJACK',75,5,1),(51,'BURPEE',53,5,1),(52,'PUSHUP',28,5,1),(53,'LUNGE',70,5,1),(54,'SQUAT',65,5,1),(55,'LUNGE',70,5,1),(56,'SQUAT',65,5,1),(57,'BURPEE',53,5,1),(58,'PUSHUP',28,5,1),(59,'BURPEE',53,5,1),(60,'PUSHUP',28,5,1),(61,'LATERALRAISE',70,5,1),(62,'LUNGE',75,5,1),(63,'SQUAT',50,5,1),(64,'JUMPINGJACK',75,5,1),(65,'BURPEE',53,5,1),(66,'PUSHUP',28,5,1),(67,'LATERALRAISE',70,5,1),(68,'JUMPINGJACK',75,5,1),(69,'BURPEE',53,5,1),(70,'PUSHUP',28,5,1),(71,'LUNGE',70,5,1),(72,'SQUAT',65,5,1),(73,'LATERALRAISE',70,5,1),(74,'JUMPINGJACK',75,5,1),(75,'LATERALRAISE',75,5,1),(76,'LUNGE',70,5,1),(77,'SQUAT',48,5,1),(78,'JUMPINGJACK',78,5,1),(79,'LUNGE',70,5,1),(80,'SQUAT',65,5,1),(81,'BURPEE',53,5,1),(82,'PUSHUP',28,5,1),(83,'LATERALRAISE',70,5,1),(84,'LUNGE',75,5,1),(85,'SQUAT',50,5,1),(86,'JUMPINGJACK',75,5,1),(87,'LUNGE',70,5,1),(88,'SQUAT',65,5,1),(89,'BURPEE',53,5,1),(90,'PUSHUP',28,5,1),(91,'LATERALRAISE',70,5,1),(92,'JUMPINGJACK',75,5,1),(93,'LUNGE',70,5,1),(94,'SQUAT',65,5,1),(95,'BURPEE',53,5,1),(96,'PUSHUP',28,5,1),(97,'LATERALRAISE',70,5,1),(98,'LUNGE',75,5,1),(99,'SQUAT',50,5,1),(100,'JUMPINGJACK',75,5,1),(101,'BURPEE',53,5,1),(102,'PUSHUP',28,5,1),(103,'LUNGE',70,5,1),(104,'SQUAT',65,5,1),(105,'LUNGE',70,5,1),(106,'SQUAT',65,5,1),(107,'LATERALRAISE',70,5,1),(108,'LUNGE',75,5,1),(109,'SQUAT',50,5,1),(110,'JUMPINGJACK',75,5,1),(111,'BURPEE',53,5,1),(112,'PUSHUP',28,5,1),(113,'LUNGE',70,5,1),(114,'SQUAT',65,5,1),(115,'LATERALRAISE',84,5,1),(116,'JUMPINGJACK',75,5,1),(117,'LUNGE',70,5,1),(118,'SQUAT',65,5,1),(119,'LATERALRAISE',70,5,1),(120,'JUMPINGJACK',75,5,1),(121,'LUNGE',70,5,1),(122,'SQUAT',65,5,1),(123,'BURPEE',56,5,1),(124,'PUSHUP',26,5,1),(125,'LATERALRAISE',70,5,1),(126,'LUNGE',75,5,1),(127,'SQUAT',50,5,1),(128,'JUMPINGJACK',75,5,1),(129,'BURPEE',53,5,1),(130,'PUSHUP',28,5,1),(131,'LATERALRAISE',70,5,1),(132,'JUMPINGJACK',75,5,1),(133,'LUNGE',70,5,1),(134,'SQUAT',65,5,1),(135,'LATERALRAISE',70,5,1),(136,'JUMPINGJACK',75,5,1),(137,'LUNGE',70,5,1),(138,'SQUAT',65,5,1),(139,'BURPEE',53,5,1),(140,'PUSHUP',28,5,1),(141,'LATERALRAISE',70,5,1),(142,'JUMPINGJACK',75,5,1),(143,'BURPEE',53,5,1),(144,'PUSHUP',28,5,1),(145,'LUNGE',70,5,1),(146,'SQUAT',65,5,1),(147,'BURPEE',53,5,1),(148,'PUSHUP',28,5,1),(149,'LATERALRAISE',70,5,1),(150,'LUNGE',75,5,1),(151,'SQUAT',50,5,1),(152,'JUMPINGJACK',75,5,1),(153,'LUNGE',63,5,1),(154,'BURPEE',50,5,1),(155,'SQUAT',61,5,1),(156,'PUSHUP',25,5,1),(157,'LATERALRAISE',68,5,1),(158,'LUNGE',68,5,1),(159,'SQUAT',60,5,1),(160,'JUMPINGJACK',64,5,1),(161,'BURPEE',56,5,1),(162,'PUSHUP',19,5,1),(163,'LUNGE',55,5,1),(164,'SQUAT',60,5,1),(165,'LATERALRAISE',66,5,1),(166,'JUMPINGJACK',71,5,1),(167,'LUNGE',70,5,1),(168,'SQUAT',65,5,1),(169,'LUNGE',55,4,1),(170,'SQUAT',50,4,1),(171,'LUNGE',40,3,1),(172,'SQUAT',35,3,1),(173,'LATERALRAISE',70,5,1),(174,'LUNGE',75,5,1),(175,'SQUAT',50,5,1),(176,'JUMPINGJACK',75,5,1),(177,'LUNGE',30000,30000,3),(178,'PUSHUP',1320,1320,2),(179,'PUSHUP',63,63,4),(180,'PUSHUP',610,610,5),(181,'PUSHUP',80,80,6),(182,'PUSHUP',420,420,7),(183,'PUSHUP',350,350,8),(184,'PUSHUP',110,110,9),(185,'PUSHUP',130,130,10),(186,'PUSHUP',360,360,11),(187,'LUNGE',0,2,3),(188,'SQUAT',3,2,3),(189,'LUNGE',0,2,3),(190,'SQUAT',0,2,3),(191,'LATERALRAISE',70,5,1),(192,'LUNGE',75,5,1),(193,'SQUAT',50,5,1),(194,'JUMPINGJACK',75,5,1),(195,'BURPEE',53,5,1),(196,'PUSHUP',28,5,1),(197,'LUNGE',17,10,3),(198,'SQUAT',22,10,3),(199,'LUNGE',0,1,3),(200,'SQUAT',1,1,3),(201,'LUNGE',0,1,3),(202,'SQUAT',0,1,3),(203,'LUNGE',0,1,16),(204,'SQUAT',0,1,16),(205,'JUMPINGJACK',0,1,16),(206,'LUNGE',6,1,3),(207,'SQUAT',7,1,3),(208,'LUNGE',0,1,16),(209,'SQUAT',0,1,16),(210,'JUMPINGJACK',0,1,16),(211,'LUNGE',0,1,16),(212,'SQUAT',0,1,16),(213,'JUMPINGJACK',0,1,16),(214,'BURPEE',1,1,18),(215,'LUNGE',0,1,18),(216,'SQUAT',0,1,18),(217,'BURPEE',1,1,18),(218,'LUNGE',7,1,18),(219,'SQUAT',7,1,18),(220,'BURPEE',0,1,18),(221,'LUNGE',0,1,18),(222,'SQUAT',0,1,18),(223,'LUNGE',2,1,3),(224,'SQUAT',5,1,3),(225,'BURPEE',0,1,18),(226,'LUNGE',0,1,18),(227,'SQUAT',0,1,18),(228,'BURPEE',0,4,17),(229,'SQUAT',2,1,19),(230,'BURPEE',0,1,18),(231,'LUNGE',0,1,18),(232,'SQUAT',0,1,18),(233,'LATERALRAISE',0,3,18),(234,'BURPEE',0,4,17),(235,'SQUAT',0,1,19),(236,'SQUAT',0,1,19),(237,'BURPEE',1,3,3),(238,'SQUAT',1,1,3),(239,'JUMPINGJACK',0,1,3),(240,'SQUAT',0,1,17),(241,'SQUAT',0,1,21),(242,'SQUAT',0,1,3),(243,'SQUAT',0,1,21),(244,'LATERALRAISE',0,1,22),(245,'LUNGE',3,1,22),(246,'BURPEE',1,1,22),(247,'SQUAT',5,1,22),(248,'PUSHUP',0,1,22),(249,'JUMPINGJACK',1,1,22),(250,'SQUAT',0,1,21),(251,'SQUAT',0,1,21),(252,'SQUAT',7,1,21),(253,'LATERALRAISE',3,1,22),(254,'LUNGE',0,1,22),(255,'BURPEE',0,1,22),(256,'SQUAT',0,1,22),(257,'PUSHUP',0,1,22),(258,'JUMPINGJACK',2,1,22),(259,'SQUAT',0,1,3),(260,'SQUAT',0,1,3),(261,'SQUAT',0,1,21),(262,'SQUAT',4,1,21),(263,'SQUAT',8,1,21),(264,'SQUAT',0,1,3),(265,'SQUAT',0,1,19),(266,'LATERALRAISE',0,1,22),(267,'LUNGE',0,1,22),(268,'BURPEE',0,1,22),(269,'SQUAT',0,1,22),(270,'PUSHUP',1,1,22),(271,'JUMPINGJACK',3,1,22),(272,'LATERALRAISE',3,1,22),(273,'LUNGE',0,1,22),(274,'BURPEE',1,1,22),(275,'SQUAT',0,1,22),(276,'PUSHUP',3,1,22),(277,'JUMPINGJACK',1,1,22),(278,'LATERALRAISE',1,1,22),(279,'LUNGE',4,1,22),(280,'BURPEE',5,1,22),(281,'SQUAT',3,1,22),(282,'PUSHUP',1,1,22),(283,'JUMPINGJACK',0,1,22),(284,'BURPEE',2,1,22),(285,'SQUAT',0,2,3),(286,'SQUAT',3,2,22),(287,'LATERALRAISE',6,1,22),(288,'LUNGE',7,1,22),(289,'BURPEE',4,1,22),(290,'SQUAT',0,1,22),(291,'PUSHUP',0,1,22),(292,'JUMPINGJACK',4,1,22),(293,'SQUAT',0,2,23),(294,'SQUAT',2,2,22),(295,'SQUAT',2,2,22),(296,'SQUAT',14,2,22),(297,'SQUAT',0,2,22),(298,'SQUAT',1,2,22),(299,'SQUAT',0,2,22),(300,'SQUAT',0,1,17),(301,'SQUAT',0,1,17),(302,'SQUAT',0,2,3),(303,'SQUAT',2,2,22),(304,'SQUAT',2,2,22),(305,'LATERALRAISE',5,1,21),(306,'LUNGE',0,1,21),(307,'BURPEE',0,1,21),(308,'SQUAT',0,1,21),(309,'PUSHUP',0,1,21),(310,'JUMPINGJACK',4,1,21),(311,'BURPEE',1,1,21),(312,'BURPEE',6,1,23),(313,'BURPEE',0,1,18),(314,'LUNGE',65,2,23),(315,'SQUAT',86,2,23),(316,'JUMPINGJACK',4,2,23),(317,'LATERALRAISE',46,1,18),(318,'LUNGE',0,1,18),(319,'BURPEE',32,1,18),(320,'SQUAT',0,1,18),(321,'JUMPINGJACK',32,1,18),(322,'LUNGE',71,3,23),(323,'SQUAT',39,3,23),(324,'JUMPINGJACK',46,3,23),(325,'LATERALRAISE',69,4,21),(326,'LUNGE',9,4,21),(327,'BURPEE',28,4,21),(328,'SQUAT',42,4,21),(329,'PUSHUP',41,4,21),(330,'JUMPINGJACK',51,4,21),(331,'LATERALRAISE',53,4,24),(332,'PUSHUP',7,4,24),(333,'JUMPINGJACK',26,4,24),(334,'LUNGE',0,1,3),(335,'BURPEE',0,1,3),(336,'SQUAT',0,1,3),(337,'JUMPINGJACK',0,1,3),(338,'LUNGE',0,1,3),(339,'BURPEE',0,1,3),(340,'SQUAT',0,1,3),(341,'JUMPINGJACK',0,1,3),(342,'LUNGE',0,1,3),(343,'BURPEE',0,1,3),(344,'SQUAT',0,1,3),(345,'JUMPINGJACK',0,1,3),(346,'BURPEE',0,3,3),(347,'SQUAT',0,1,3),(348,'JUMPINGJACK',0,1,3),(349,'BURPEE',0,3,3),(350,'SQUAT',0,1,3),(351,'JUMPINGJACK',0,1,3),(352,'BURPEE',0,3,3),(353,'SQUAT',0,1,3),(354,'JUMPINGJACK',0,1,3),(355,'BURPEE',0,3,3),(356,'SQUAT',0,1,3),(357,'JUMPINGJACK',0,1,3),(358,'SQUAT',0,1,3),(359,'SQUAT',0,1,3),(360,'LATERALRAISE',0,1,24),(361,'PUSHUP',0,1,24),(362,'JUMPINGJACK',0,1,24),(363,'LATERALRAISE',0,1,24),(364,'PUSHUP',8,1,24),(365,'JUMPINGJACK',0,1,24),(366,'JUMPINGJACK',3,1,27),(367,'LATERALRAISE',0,4,28),(368,'PUSHUP',0,4,28),(369,'LATERALRAISE',4,1,28),(370,'JUMPINGJACK',3,1,28),(371,'LUNGE',0,1,29),(372,'SQUAT',0,1,29),(373,'JUMPINGJACK',0,1,29),(374,'LUNGE',11,4,24),(375,'BURPEE',10,4,24),(376,'SQUAT',23,4,24),(377,'PUSHUP',2,4,24),(378,'JUMPINGJACK',5,4,24),(379,'BURPEE',25,4,24),(380,'SQUAT',27,4,24),(381,'BURPEE',32,4,24),(382,'SQUAT',42,4,24);
/*!40000 ALTER TABLE `team_history_detail` ENABLE KEYS */;
UNLOCK TABLES;

--
-- Table structure for table `team_icon`
--

DROP TABLE IF EXISTS `team_icon`;
/*!40101 SET @saved_cs_client     = @@character_set_client */;
/*!50503 SET character_set_client = utf8mb4 */;
CREATE TABLE `team_icon` (
  `team_icon_id` bigint NOT NULL AUTO_INCREMENT,
  `icon_name` varchar(255) DEFAULT NULL,
  `team_id` bigint DEFAULT NULL,
  PRIMARY KEY (`team_icon_id`),
  UNIQUE KEY `unique_idx_team_icon` (`team_id`,`icon_name`),
  CONSTRAINT `FKfap3asv333gctimjj5bbiph6x` FOREIGN KEY (`team_id`) REFERENCES `team` (`team_id`)
) ENGINE=InnoDB AUTO_INCREMENT=10 DEFAULT CHARSET=utf8mb4 COLLATE=utf8mb4_0900_ai_ci;
/*!40101 SET character_set_client = @saved_cs_client */;

--
-- Dumping data for table `team_icon`
--

LOCK TABLES `team_icon` WRITE;
/*!40000 ALTER TABLE `team_icon` DISABLE KEYS */;
INSERT INTO `team_icon` VALUES (5,'groupMaxExerciseTime10',1),(6,'groupMaxExerciseTime100',1),(3,'groupMaxStreak21Days',1),(1,'groupMaxStreak3Days',1),(4,'groupMaxStreak66Days',1),(2,'groupMaxStreak7Days',1),(9,'groupShieldFirstUse',1),(8,'groupMaxExerciseTime10000',3);
/*!40000 ALTER TABLE `team_icon` ENABLE KEYS */;
UNLOCK TABLES;
/*!40103 SET TIME_ZONE=@OLD_TIME_ZONE */;

/*!40101 SET SQL_MODE=@OLD_SQL_MODE */;
/*!40014 SET FOREIGN_KEY_CHECKS=@OLD_FOREIGN_KEY_CHECKS */;
/*!40014 SET UNIQUE_CHECKS=@OLD_UNIQUE_CHECKS */;
/*!40101 SET CHARACTER_SET_CLIENT=@OLD_CHARACTER_SET_CLIENT */;
/*!40101 SET CHARACTER_SET_RESULTS=@OLD_CHARACTER_SET_RESULTS */;
/*!40101 SET COLLATION_CONNECTION=@OLD_COLLATION_CONNECTION */;
/*!40111 SET SQL_NOTES=@OLD_SQL_NOTES */;

-- Dump completed on 2022-08-19 12:02:34
